Class,CBO,DIT,LCOM,WMC
org.apache.fontbox.afm.AFMParser,12,0,1,99
org.apache.fontbox.afm.CharMetric,6,0,14,29
org.apache.fontbox.afm.Composite,3,0,2,5
org.apache.fontbox.afm.CompositePart,2,0,3,6
org.apache.fontbox.afm.FontMetrics,13,0,35,88
org.apache.fontbox.afm.KernPair,2,0,4,8
org.apache.fontbox.afm.Ligature,2,0,2,4
org.apache.fontbox.afm.TrackKern,2,0,5,10
org.apache.fontbox.cff.CFFCIDFont,12,1,6,29
org.apache.fontbox.cff.CFFCIDFont.PrivateType1CharStringReader,3,0,1,1
org.apache.fontbox.cff.CFFCharset,12,0,1,23
org.apache.fontbox.cff.CFFDataInput,2,1,5,8
org.apache.fontbox.cff.CFFEncoding,7,1,2,3
org.apache.fontbox.cff.CFFExpertCharset,2,1,1,3
org.apache.fontbox.cff.CFFExpertEncoding,2,2,1,3
org.apache.fontbox.cff.CFFExpertSubsetCharset,2,1,1,3
org.apache.fontbox.cff.CFFFont,16,0,8,15
org.apache.fontbox.cff.CFFISOAdobeCharset,2,1,1,3
org.apache.fontbox.cff.CFFOperator,4,0,3,12
org.apache.fontbox.cff.CFFOperator.Key,2,0,1,9
org.apache.fontbox.cff.CFFParser,38,0,1,138
org.apache.fontbox.cff.CFFParser.CFFBuiltInEncoding,5,2,0,0
org.apache.fontbox.cff.CFFParser.CFFBuiltInEncoding.Supplement,2,0,3,4
org.apache.fontbox.cff.CFFParser.DictData,3,0,1,12
org.apache.fontbox.cff.CFFParser.DictData.Entry,3,0,1,13
org.apache.fontbox.cff.CFFParser.EmbeddedCharset,5,1,0,1
org.apache.fontbox.cff.CFFParser.EmptyCharset,3,2,0,3
org.apache.fontbox.cff.CFFParser.Format0Charset,2,2,0,2
org.apache.fontbox.cff.CFFParser.Format0Encoding,2,3,0,1
org.apache.fontbox.cff.CFFParser.Format0FDSelect,4,1,1,4
org.apache.fontbox.cff.CFFParser.Format1Charset,4,2,1,10
org.apache.fontbox.cff.CFFParser.Format1Encoding,2,3,0,1
org.apache.fontbox.cff.CFFParser.Format2Charset,4,2,1,8
org.apache.fontbox.cff.CFFParser.Format3FDSelect,4,1,1,8
org.apache.fontbox.cff.CFFParser.Header,1,0,0,1
org.apache.fontbox.cff.CFFParser.Range3,2,0,0,1
org.apache.fontbox.cff.CFFParser.RangeMapping,3,0,1,8
org.apache.fontbox.cff.CFFStandardEncoding,2,2,1,3
org.apache.fontbox.cff.CFFStandardString,2,0,1,2
org.apache.fontbox.cff.CFFType1Font,13,1,2,23
org.apache.fontbox.cff.CFFType1Font.PrivateType1CharStringReader,3,0,1,1
org.apache.fontbox.cff.CIDKeyedType2CharString,3,2,1,2
org.apache.fontbox.cff.CharStringCommand,6,0,1,11
org.apache.fontbox.cff.CharStringCommand.Key,4,0,1,12
org.apache.fontbox.cff.CharStringHandler,3,0,1,4
org.apache.fontbox.cff.DataInput,6,0,1,21
org.apache.fontbox.cff.DataOutput,1,0,1,9
org.apache.fontbox.cff.FDSelect,4,0,1,1
org.apache.fontbox.cff.Type1CharString,15,0,1,66
org.apache.fontbox.cff.Type1CharStringParser,4,0,1,29
org.apache.fontbox.cff.Type1FontUtil,2,0,3,15
org.apache.fontbox.cff.Type2CharString,9,1,3,75
org.apache.fontbox.cff.Type2CharStringParser,6,0,1,37
org.apache.fontbox.cmap.CIDRange,1,0,1,7
org.apache.fontbox.cmap.CMap,12,0,7,46
org.apache.fontbox.cmap.CMapParser,9,0,2,122
org.apache.fontbox.cmap.CMapParser.LiteralName,1,0,0,1
org.apache.fontbox.cmap.CMapParser.Operator,1,0,0,1
org.apache.fontbox.cmap.CodespaceRange,4,0,1,17
org.apache.fontbox.encoding.BuiltInEncoding,4,1,0,2
org.apache.fontbox.encoding.Encoding,8,0,1,5
org.apache.fontbox.encoding.MacRomanEncoding,1,1,0,2
org.apache.fontbox.encoding.StandardEncoding,3,1,0,2
org.apache.fontbox.pfb.PfbParser,3,0,2,21
org.apache.fontbox.ttf.BufferedRandomAccessFile,2,0,1,16
org.apache.fontbox.ttf.CFFTable,12,1,1,3
org.apache.fontbox.ttf.CFFTable.CFFBytesource,3,0,1,2
org.apache.fontbox.ttf.CmapSubtable,12,0,1,88
org.apache.fontbox.ttf.CmapSubtable.SubHeader,1,0,4,5
org.apache.fontbox.ttf.CmapTable,10,1,1,9
org.apache.fontbox.ttf.DigitalSignatureTable,3,1,0,1
org.apache.fontbox.ttf.GlyfCompositeComp,2,0,10,22
org.apache.fontbox.ttf.GlyfCompositeDescript,6,1,2,36
org.apache.fontbox.ttf.GlyfDescript,6,0,3,5
org.apache.fontbox.ttf.GlyfSimpleDescript,4,1,4,24
org.apache.fontbox.ttf.GlyphData,12,0,1,13
org.apache.fontbox.ttf.GlyphRenderer,5,0,1,23
org.apache.fontbox.ttf.GlyphRenderer.Point,1,0,0,5
org.apache.fontbox.ttf.GlyphSubstitutionTable,21,1,1,81
org.apache.fontbox.ttf.GlyphSubstitutionTable.CoverageTable,4,0,1,0
org.apache.fontbox.ttf.GlyphSubstitutionTable.CoverageTableFormat1,2,1,1,2
org.apache.fontbox.ttf.GlyphSubstitutionTable.CoverageTableFormat2,3,1,1,4
org.apache.fontbox.ttf.GlyphSubstitutionTable.FeatureRecord,2,0,0,1
org.apache.fontbox.ttf.GlyphSubstitutionTable.FeatureTable,3,0,0,1
org.apache.fontbox.ttf.GlyphSubstitutionTable.LangSysRecord,2,0,0,1
org.apache.fontbox.ttf.GlyphSubstitutionTable.LangSysTable,3,0,0,1
org.apache.fontbox.ttf.GlyphSubstitutionTable.LookupSubTable,5,0,1,0
org.apache.fontbox.ttf.GlyphSubstitutionTable.LookupTable,2,0,0,1
org.apache.fontbox.ttf.GlyphSubstitutionTable.LookupTypeSingleSubstFormat1,2,1,1,3
org.apache.fontbox.ttf.GlyphSubstitutionTable.LookupTypeSingleSubstFormat2,2,1,1,3
org.apache.fontbox.ttf.GlyphSubstitutionTable.RangeRecord,2,0,0,1
org.apache.fontbox.ttf.GlyphSubstitutionTable.ScriptRecord,2,0,0,1
org.apache.fontbox.ttf.GlyphSubstitutionTable.ScriptTable,3,0,0,1
org.apache.fontbox.ttf.GlyphTable,15,1,1,19
org.apache.fontbox.ttf.HeaderTable,13,1,1,36
org.apache.fontbox.ttf.HorizontalHeaderTable,8,1,1,36
org.apache.fontbox.ttf.HorizontalMetricsTable,11,1,1,14
org.apache.fontbox.ttf.IndexToLocationTable,7,1,1,8
org.apache.fontbox.ttf.KerningSubtable,5,0,1,29
org.apache.fontbox.ttf.KerningSubtable.PairData0Format0,4,0,2,9
org.apache.fontbox.ttf.KerningTable,5,1,1,12
org.apache.fontbox.ttf.MaximumProfileTable,7,1,1,32
org.apache.fontbox.ttf.MemoryTTFDataStream,5,1,2,19
org.apache.fontbox.ttf.NameRecord,5,0,2,16
org.apache.fontbox.ttf.NamingTable,8,1,1,30
org.apache.fontbox.ttf.OS2WindowsMetricsTable,8,1,1,73
org.apache.fontbox.ttf.OTFParser,12,1,7,12
org.apache.fontbox.ttf.OTLTable,3,1,0,1
org.apache.fontbox.ttf.OpenTypeFont,14,1,1,9
org.apache.fontbox.ttf.OpenTypeScript,3,0,1,21
org.apache.fontbox.ttf.PostScriptTable,11,1,1,40
org.apache.fontbox.ttf.RAFDataStream,5,1,2,13
org.apache.fontbox.ttf.SubstitutingCmapLookup,5,0,1,3
org.apache.fontbox.ttf.TTCDataStream,2,1,2,11
org.apache.fontbox.ttf.TTFDataStream,36,0,8,20
org.apache.fontbox.ttf.TTFParser,36,0,1,47
org.apache.fontbox.ttf.TTFSubsetter,18,0,1,107
org.apache.fontbox.ttf.TTFTable,24,0,6,11
org.apache.fontbox.ttf.TrueTypeCollection,13,0,1,15
org.apache.fontbox.ttf.TrueTypeFont,59,0,2,81
org.apache.fontbox.ttf.VerticalHeaderTable,6,1,1,19
org.apache.fontbox.ttf.VerticalMetricsTable,7,1,1,12
org.apache.fontbox.ttf.VerticalOriginTable,4,1,1,6
org.apache.fontbox.ttf.WGL4Names,2,0,0,2
org.apache.fontbox.type1.DamagedFontException,3,0,0,1
org.apache.fontbox.type1.Token,5,0,3,11
org.apache.fontbox.type1.Token.Kind,3,n/a,2,0
org.apache.fontbox.type1.Type1Font,15,0,36,47
org.apache.fontbox.type1.Type1Lexer,5,0,1,67
org.apache.fontbox.type1.Type1Parser,7,0,1,144
org.apache.fontbox.util.BoundingBox,27,0,1,15
org.apache.fontbox.util.Charsets,10,0,0,1
org.apache.fontbox.util.autodetect.FontFileFinder,8,0,1,20
org.apache.fontbox.util.autodetect.MacFontDirFinder,2,1,1,1
org.apache.fontbox.util.autodetect.NativeFontDirFinder,4,0,1,4
org.apache.fontbox.util.autodetect.OS400FontDirFinder,2,1,1,1
org.apache.fontbox.util.autodetect.UnixFontDirFinder,2,1,1,1
org.apache.fontbox.util.autodetect.WindowsFontDirFinder,3,0,1,15
org.apache.pdfbox.contentstream.PDFGraphicsStreamEngine,74,1,14,2
org.apache.pdfbox.contentstream.PDFStreamEngine,112,0,5,93
org.apache.pdfbox.contentstream.operator.DrawObject,14,1,2,8
org.apache.pdfbox.contentstream.operator.MissingOperandException,33,0,0,1
org.apache.pdfbox.contentstream.operator.Operator,84,0,4,12
org.apache.pdfbox.contentstream.operator.OperatorName,88,0,0,1
org.apache.pdfbox.contentstream.operator.OperatorProcessor,53,0,4,6
org.apache.pdfbox.contentstream.operator.color.SetColor,17,1,2,4
org.apache.pdfbox.contentstream.operator.color.SetNonStrokingColor,14,2,2,4
org.apache.pdfbox.contentstream.operator.color.SetNonStrokingColorN,5,3,1,1
org.apache.pdfbox.contentstream.operator.color.SetNonStrokingColorSpace,12,1,2,4
org.apache.pdfbox.contentstream.operator.color.SetNonStrokingDeviceCMYKColor,14,3,2,2
org.apache.pdfbox.contentstream.operator.color.SetNonStrokingDeviceGrayColor,14,3,2,2
org.apache.pdfbox.contentstream.operator.color.SetNonStrokingDeviceRGBColor,14,3,2,2
org.apache.pdfbox.contentstream.operator.color.SetStrokingColor,14,2,2,4
org.apache.pdfbox.contentstream.operator.color.SetStrokingColorN,5,3,1,1
org.apache.pdfbox.contentstream.operator.color.SetStrokingColorSpace,12,1,2,4
org.apache.pdfbox.contentstream.operator.color.SetStrokingDeviceCMYKColor,14,3,2,2
org.apache.pdfbox.contentstream.operator.color.SetStrokingDeviceGrayColor,14,3,2,2
org.apache.pdfbox.contentstream.operator.color.SetStrokingDeviceRGBColor,14,3,2,2
org.apache.pdfbox.contentstream.operator.graphics.AppendRectangleToPath,9,2,2,4
org.apache.pdfbox.contentstream.operator.graphics.BeginInlineImage,9,2,2,3
org.apache.pdfbox.contentstream.operator.graphics.ClipEvenOddRule,5,2,2,2
org.apache.pdfbox.contentstream.operator.graphics.ClipNonZeroRule,5,2,2,2
org.apache.pdfbox.contentstream.operator.graphics.CloseAndStrokePath,6,2,2,2
org.apache.pdfbox.contentstream.operator.graphics.CloseFillEvenOddAndStrokePath,6,2,2,2
org.apache.pdfbox.contentstream.operator.graphics.CloseFillNonZeroAndStrokePath,6,2,2,2
org.apache.pdfbox.contentstream.operator.graphics.ClosePath,5,2,2,3
org.apache.pdfbox.contentstream.operator.graphics.CurveTo,9,2,2,5
org.apache.pdfbox.contentstream.operator.graphics.CurveToReplicateFinalPoint,9,2,2,4
org.apache.pdfbox.contentstream.operator.graphics.CurveToReplicateInitialPoint,9,2,2,5
org.apache.pdfbox.contentstream.operator.graphics.DrawObject,14,2,2,9
org.apache.pdfbox.contentstream.operator.graphics.EndPath,5,2,2,2
org.apache.pdfbox.contentstream.operator.graphics.FillEvenOddAndStrokePath,5,2,2,2
org.apache.pdfbox.contentstream.operator.graphics.FillEvenOddRule,5,2,2,2
org.apache.pdfbox.contentstream.operator.graphics.FillNonZeroAndStrokePath,5,2,2,2
org.apache.pdfbox.contentstream.operator.graphics.FillNonZeroRule,6,2,2,2
org.apache.pdfbox.contentstream.operator.graphics.GraphicsOperatorProcessor,25,1,1,1
org.apache.pdfbox.contentstream.operator.graphics.LegacyFillNonZeroRule,3,3,1,1
org.apache.pdfbox.contentstream.operator.graphics.LineTo,8,2,2,6
org.apache.pdfbox.contentstream.operator.graphics.MoveTo,8,2,2,5
org.apache.pdfbox.contentstream.operator.graphics.ShadingFill,7,2,2,4
org.apache.pdfbox.contentstream.operator.graphics.StrokePath,5,2,2,2
org.apache.pdfbox.contentstream.operator.markedcontent.BeginMarkedContentSequence,8,1,2,4
org.apache.pdfbox.contentstream.operator.markedcontent.BeginMarkedContentSequenceWithProperties,9,1,2,5
org.apache.pdfbox.contentstream.operator.markedcontent.DrawObject,12,1,2,7
org.apache.pdfbox.contentstream.operator.markedcontent.EndMarkedContentSequence,7,1,2,2
org.apache.pdfbox.contentstream.operator.state.Concatenate,13,1,2,4
org.apache.pdfbox.contentstream.operator.state.EmptyGraphicsStackException,2,0,0,1
org.apache.pdfbox.contentstream.operator.state.Restore,10,1,2,3
org.apache.pdfbox.contentstream.operator.state.Save,9,1,2,2
org.apache.pdfbox.contentstream.operator.state.SetFlatness,9,1,2,4
org.apache.pdfbox.contentstream.operator.state.SetGraphicsStateParameters,13,1,2,5
org.apache.pdfbox.contentstream.operator.state.SetLineCapStyle,10,1,2,3
org.apache.pdfbox.contentstream.operator.state.SetLineDashPattern,10,1,2,8
org.apache.pdfbox.contentstream.operator.state.SetLineJoinStyle,10,1,2,3
org.apache.pdfbox.contentstream.operator.state.SetLineMiterLimit,9,1,2,3
org.apache.pdfbox.contentstream.operator.state.SetLineWidth,10,1,2,3
org.apache.pdfbox.contentstream.operator.state.SetMatrix,12,1,2,4
org.apache.pdfbox.contentstream.operator.state.SetRenderingIntent,10,1,2,4
org.apache.pdfbox.contentstream.operator.text.BeginText,9,1,2,2
org.apache.pdfbox.contentstream.operator.text.EndText,8,1,2,2
org.apache.pdfbox.contentstream.operator.text.MoveText,11,1,1,6
org.apache.pdfbox.contentstream.operator.text.MoveTextSetLeading,11,1,2,4
org.apache.pdfbox.contentstream.operator.text.NextLine,11,1,2,2
org.apache.pdfbox.contentstream.operator.text.SetCharSpacing,12,1,2,4
org.apache.pdfbox.contentstream.operator.text.SetFontAndSize,15,1,2,6
org.apache.pdfbox.contentstream.operator.text.SetTextHorizontalScaling,12,1,2,4
org.apache.pdfbox.contentstream.operator.text.SetTextLeading,12,1,2,4
org.apache.pdfbox.contentstream.operator.text.SetTextRenderingMode,14,1,2,5
org.apache.pdfbox.contentstream.operator.text.SetTextRise,11,1,2,4
org.apache.pdfbox.contentstream.operator.text.SetWordSpacing,11,1,2,4
org.apache.pdfbox.contentstream.operator.text.ShowText,8,1,2,5
org.apache.pdfbox.contentstream.operator.text.ShowTextAdjusted,8,1,2,5
org.apache.pdfbox.contentstream.operator.text.ShowTextLine,7,1,2,2
org.apache.pdfbox.contentstream.operator.text.ShowTextLineAndSpace,8,1,2,3
org.apache.pdfbox.cos.COSArray,237,1,3,67
org.apache.pdfbox.cos.COSBase,324,0,3,4
org.apache.pdfbox.cos.COSBoolean,24,1,4,11
org.apache.pdfbox.cos.COSDictionary,450,1,4,158
org.apache.pdfbox.cos.COSDocument,75,1,9,68
org.apache.pdfbox.cos.COSFloat,55,2,2,22
org.apache.pdfbox.cos.COSInputStream,10,0,2,11
org.apache.pdfbox.cos.COSInteger,58,2,5,16
org.apache.pdfbox.cos.COSName,446,1,3,18
org.apache.pdfbox.cos.COSNull,22,1,2,4
org.apache.pdfbox.cos.COSNumber,90,1,5,12
org.apache.pdfbox.cos.COSObject,57,1,5,19
org.apache.pdfbox.cos.COSObjectKey,21,0,1,14
org.apache.pdfbox.cos.COSOutputStream,8,0,1,14
org.apache.pdfbox.cos.COSStream,116,2,2,42
org.apache.pdfbox.cos.COSString,71,1,4,25
org.apache.pdfbox.cos.PDFDocEncoding,2,0,1,13
org.apache.pdfbox.cos.UnmodifiableCOSDictionary,1,2,2,3
org.apache.pdfbox.debugger.PDFDebugger,64,0,2,165
org.apache.pdfbox.debugger.PDFDebugger.DocumentOpener,3,0,1,4
org.apache.pdfbox.debugger.colorpane.CSArrayBased,5,0,1,15
org.apache.pdfbox.debugger.colorpane.CSDeviceN,6,0,2,6
org.apache.pdfbox.debugger.colorpane.CSIndexed,8,0,2,6
org.apache.pdfbox.debugger.colorpane.CSSeparation,3,0,1,10
org.apache.pdfbox.debugger.colorpane.ColorBarCellRenderer,2,0,1,1
org.apache.pdfbox.debugger.colorpane.DeviceNColorant,2,0,3,7
org.apache.pdfbox.debugger.colorpane.DeviceNTableModel,3,0,2,13
org.apache.pdfbox.debugger.colorpane.IndexedColorant,2,0,2,7
org.apache.pdfbox.debugger.colorpane.IndexedTableModel,3,0,2,14
org.apache.pdfbox.debugger.flagbitspane.AnnotFlag,5,1,2,4
org.apache.pdfbox.debugger.flagbitspane.EncryptFlag,5,1,2,4
org.apache.pdfbox.debugger.flagbitspane.FieldFlag,4,1,1,15
org.apache.pdfbox.debugger.flagbitspane.Flag,7,0,4,1
org.apache.pdfbox.debugger.flagbitspane.FlagBitsPane,12,0,1,9
org.apache.pdfbox.debugger.flagbitspane.FlagBitsPaneView,1,0,1,4
org.apache.pdfbox.debugger.flagbitspane.FontFlag,5,1,2,4
org.apache.pdfbox.debugger.flagbitspane.PanoseFlag,7,1,5,16
org.apache.pdfbox.debugger.flagbitspane.SigFlag,6,1,2,4
org.apache.pdfbox.debugger.fontencodingpane.FontEncodingPaneController,12,0,1,6
org.apache.pdfbox.debugger.fontencodingpane.FontEncodingView,4,0,3,7
org.apache.pdfbox.debugger.fontencodingpane.FontEncodingView.GlyphCellRenderer,3,0,1,8
org.apache.pdfbox.debugger.fontencodingpane.FontPane,4,0,2,3
org.apache.pdfbox.debugger.fontencodingpane.SimpleFont,8,1,3,7
org.apache.pdfbox.debugger.fontencodingpane.Type0Font,13,1,2,15
org.apache.pdfbox.debugger.fontencodingpane.Type3Font,17,1,3,17
org.apache.pdfbox.debugger.hexviewer.ASCIIPane,6,0,2,9
org.apache.pdfbox.debugger.hexviewer.AddressPane,3,0,1,9
org.apache.pdfbox.debugger.hexviewer.HexChangedEvent,3,0,2,3
org.apache.pdfbox.debugger.hexviewer.HexEditor,9,0,1,14
org.apache.pdfbox.debugger.hexviewer.HexModel,11,0,3,24
org.apache.pdfbox.debugger.hexviewer.HexModelChangedEvent,4,0,2,3
org.apache.pdfbox.debugger.hexviewer.HexPane,9,0,9,51
org.apache.pdfbox.debugger.hexviewer.HexView,8,0,1,5
org.apache.pdfbox.debugger.hexviewer.SelectEvent,3,0,2,3
org.apache.pdfbox.debugger.hexviewer.StatusPane,2,0,1,3
org.apache.pdfbox.debugger.hexviewer.UpperPane,2,0,1,3
org.apache.pdfbox.debugger.pagepane.PagePane,27,0,6,46
org.apache.pdfbox.debugger.pagepane.PagePane.RenderWorker,9,0,1,3
org.apache.pdfbox.debugger.streampane.OperatorMarker,1,0,1,3
org.apache.pdfbox.debugger.streampane.Stream,10,0,3,24
org.apache.pdfbox.debugger.streampane.StreamImageView,6,0,2,10
org.apache.pdfbox.debugger.streampane.StreamPane,11,0,2,18
org.apache.pdfbox.debugger.streampane.StreamPane.DocumentCreator,18,0,1,39
org.apache.pdfbox.debugger.streampane.StreamPaneView,5,0,1,4
org.apache.pdfbox.debugger.streampane.StreamTextView,4,0,3,11
org.apache.pdfbox.debugger.streampane.tooltip.ColorToolTip,6,0,4,6
org.apache.pdfbox.debugger.streampane.tooltip.FontToolTip,6,0,2,7
org.apache.pdfbox.debugger.streampane.tooltip.GToolTip,2,1,1,3
org.apache.pdfbox.debugger.streampane.tooltip.KToolTip,3,1,1,7
org.apache.pdfbox.debugger.streampane.tooltip.RGToolTip,2,1,1,3
org.apache.pdfbox.debugger.streampane.tooltip.SCNToolTip,6,1,1,5
org.apache.pdfbox.debugger.streampane.tooltip.ToolTipController,12,0,1,21
org.apache.pdfbox.debugger.stringpane.StringPane,3,0,3,7
org.apache.pdfbox.debugger.treestatus.TreeStatus,10,0,2,26
org.apache.pdfbox.debugger.treestatus.TreeStatusPane,2,0,1,9
org.apache.pdfbox.debugger.ui.ArrayEntry,6,0,3,6
org.apache.pdfbox.debugger.ui.DebugLog,1,0,4,25
org.apache.pdfbox.debugger.ui.DocumentEntry,7,0,2,5
org.apache.pdfbox.debugger.ui.ErrorDialog,2,0,4,23
org.apache.pdfbox.debugger.ui.FileOpenSaveDialog,3,0,1,13
org.apache.pdfbox.debugger.ui.HighResolutionImageIcon,3,0,1,4
org.apache.pdfbox.debugger.ui.ImageTypeMenu,5,1,1,19
org.apache.pdfbox.debugger.ui.ImageUtil,2,0,1,7
org.apache.pdfbox.debugger.ui.LogDialog,3,0,4,28
org.apache.pdfbox.debugger.ui.MapEntry,7,0,3,8
org.apache.pdfbox.debugger.ui.MenuBase,8,0,1,7
org.apache.pdfbox.debugger.ui.OSXAdapter,2,0,1,26
org.apache.pdfbox.debugger.ui.PDFTreeCellRenderer,17,0,2,49
org.apache.pdfbox.debugger.ui.PDFTreeCellRenderer.OverlayIcon,1,0,1,4
org.apache.pdfbox.debugger.ui.PDFTreeModel,12,0,8,39
org.apache.pdfbox.debugger.ui.PageEntry,9,0,2,9
org.apache.pdfbox.debugger.ui.PrintDpiMenu,3,1,1,11
org.apache.pdfbox.debugger.ui.PrintDpiMenu.PrintDpiMenuItem,1,0,0,1
org.apache.pdfbox.debugger.ui.ReaderBottomPanel,2,0,2,4
org.apache.pdfbox.debugger.ui.RecentFiles,2,0,1,25
org.apache.pdfbox.debugger.ui.RenderDestinationMenu,5,1,1,16
org.apache.pdfbox.debugger.ui.RotationMenu,5,1,1,19
org.apache.pdfbox.debugger.ui.Tree,12,0,1,44
org.apache.pdfbox.debugger.ui.WindowPrefs,1,0,1,7
org.apache.pdfbox.debugger.ui.ZoomMenu,6,1,2,17
org.apache.pdfbox.debugger.ui.ZoomMenu.ZoomMenuItem,1,0,0,1
org.apache.pdfbox.debugger.ui.textsearcher.SearchEngine,1,0,1,6
org.apache.pdfbox.debugger.ui.textsearcher.SearchPanel,2,0,1,15
org.apache.pdfbox.debugger.ui.textsearcher.Searcher,4,0,3,30
org.apache.pdfbox.examples.ant.PDFToTextTask,1,2,1,5
org.apache.pdfbox.examples.interactive.form.AddBorderToField,10,0,1,2
org.apache.pdfbox.examples.interactive.form.CreateCheckBox,30,0,1,11
org.apache.pdfbox.examples.interactive.form.CreateMultiWidgetsForm,20,0,1,2
org.apache.pdfbox.examples.interactive.form.CreatePushButton,23,0,1,1
org.apache.pdfbox.examples.interactive.form.CreateRadioButtons,24,0,1,9
org.apache.pdfbox.examples.interactive.form.CreateSimpleForm,22,0,1,2
org.apache.pdfbox.examples.interactive.form.CreateSimpleFormWithEmbeddedFont,22,0,1,2
org.apache.pdfbox.examples.interactive.form.FieldTriggers,9,0,1,2
org.apache.pdfbox.examples.interactive.form.FillFormField,4,0,1,3
org.apache.pdfbox.examples.interactive.form.PrintFields,6,0,1,11
org.apache.pdfbox.examples.interactive.form.SetField,10,0,1,15
org.apache.pdfbox.examples.interactive.form.UpdateFieldOnDocumentOpen,3,0,1,2
org.apache.pdfbox.examples.lucene.IndexPDFFiles,2,0,1,16
org.apache.pdfbox.examples.lucene.LucenePDFDocument,5,0,2,31
org.apache.pdfbox.examples.pdmodel.AddAnnotations,25,0,1,5
org.apache.pdfbox.examples.pdmodel.AddImageToPDF,6,0,1,5
org.apache.pdfbox.examples.pdmodel.AddJavascript,4,0,1,6
org.apache.pdfbox.examples.pdmodel.AddMessageToEachPage,9,0,1,12
org.apache.pdfbox.examples.pdmodel.AddMetadataFromDocInfo,10,0,1,6
org.apache.pdfbox.examples.pdmodel.CreateBlankPDF,3,0,1,3
org.apache.pdfbox.examples.pdmodel.CreateBookmarks,10,0,1,7
org.apache.pdfbox.examples.pdmodel.CreateGradientShadingPDF,20,0,1,5
org.apache.pdfbox.examples.pdmodel.CreateLandscapePDF,9,0,1,6
org.apache.pdfbox.examples.pdmodel.CreatePDFA,16,0,1,4
org.apache.pdfbox.examples.pdmodel.CreatePageLabels,5,0,1,2
org.apache.pdfbox.examples.pdmodel.CreatePatternsPDF,12,0,1,2
org.apache.pdfbox.examples.pdmodel.CreatePortableCollection,15,0,1,5
org.apache.pdfbox.examples.pdmodel.CreateSeparationColorBox,11,0,1,2
org.apache.pdfbox.examples.pdmodel.EmbeddedFiles,14,0,1,6
org.apache.pdfbox.examples.pdmodel.EmbeddedFonts,5,0,1,2
org.apache.pdfbox.examples.pdmodel.EmbeddedMultipleFonts,11,0,1,10
org.apache.pdfbox.examples.pdmodel.EmbeddedVerticalFonts,6,0,1,2
org.apache.pdfbox.examples.pdmodel.ExtractEmbeddedFiles,13,0,1,26
org.apache.pdfbox.examples.pdmodel.ExtractMetadata,12,0,1,24
org.apache.pdfbox.examples.pdmodel.ExtractTTFFonts,15,0,1,32
org.apache.pdfbox.examples.pdmodel.GoToSecondBookmarkOnOpen,8,0,1,8
org.apache.pdfbox.examples.pdmodel.HelloWorld,7,0,1,3
org.apache.pdfbox.examples.pdmodel.HelloWorldTTF,7,0,1,3
org.apache.pdfbox.examples.pdmodel.HelloWorldType1,6,0,1,3
org.apache.pdfbox.examples.pdmodel.ImageToPDF,5,0,1,4
org.apache.pdfbox.examples.pdmodel.PrintBookmarks,9,0,1,16
org.apache.pdfbox.examples.pdmodel.PrintDocumentMetaData,6,0,1,8
org.apache.pdfbox.examples.pdmodel.PrintURLs,8,0,1,14
org.apache.pdfbox.examples.pdmodel.RemoveFirstPage,2,0,1,7
org.apache.pdfbox.examples.pdmodel.ReplaceURLs,7,0,1,9
org.apache.pdfbox.examples.pdmodel.RubberStamp,6,0,1,7
org.apache.pdfbox.examples.pdmodel.RubberStampWithImage,16,0,1,9
org.apache.pdfbox.examples.pdmodel.ShowColorBoxes,6,0,1,3
org.apache.pdfbox.examples.pdmodel.ShowTextWithPositioning,12,0,1,7
org.apache.pdfbox.examples.pdmodel.SuperimposePage,9,0,1,4
org.apache.pdfbox.examples.pdmodel.UsingTextMatrix,9,0,1,9
org.apache.pdfbox.examples.printing.OpaquePDFRenderer,7,1,2,4
org.apache.pdfbox.examples.printing.OpaquePDFRenderer.OpaqueDrawObject,14,2,2,8
org.apache.pdfbox.examples.printing.OpaquePDFRenderer.OpaquePageDrawer,5,3,0,1
org.apache.pdfbox.examples.printing.Printing,7,0,5,14
org.apache.pdfbox.examples.rendering.CustomGraphicsStreamEngine,11,2,17,20
org.apache.pdfbox.examples.rendering.CustomPageDrawer,3,0,1,1
org.apache.pdfbox.examples.rendering.CustomPageDrawer.MyPDFRenderer,6,1,1,2
org.apache.pdfbox.examples.rendering.CustomPageDrawer.MyPageDrawer,10,3,4,6
org.apache.pdfbox.examples.signature.CMSProcessableInputStream,2,0,2,5
org.apache.pdfbox.examples.signature.CreateEmbeddedTimeStamp,8,0,1,17
org.apache.pdfbox.examples.signature.CreateEmptySignatureForm,14,0,1,2
org.apache.pdfbox.examples.signature.CreateSignature,10,1,2,16
org.apache.pdfbox.examples.signature.CreateSignatureBase,8,0,2,13
org.apache.pdfbox.examples.signature.CreateSignedTimeStamp,8,0,3,11
org.apache.pdfbox.examples.signature.CreateSignedTimestampBase,3,0,1,3
org.apache.pdfbox.examples.signature.CreateVisibleSignature,19,1,1,30
org.apache.pdfbox.examples.signature.CreateVisibleSignature2,34,1,1,43
org.apache.pdfbox.examples.signature.ShowSignature,21,0,1,49
org.apache.pdfbox.examples.signature.SigUtils,25,0,5,40
org.apache.pdfbox.examples.signature.TSAClient,3,0,1,13
org.apache.pdfbox.examples.signature.ValidationTimeStamp,5,0,1,7
org.apache.pdfbox.examples.signature.cert.CRLVerifier,7,0,1,26
org.apache.pdfbox.examples.signature.cert.CertificateVerificationException,6,0,0,2
org.apache.pdfbox.examples.signature.cert.CertificateVerificationResult,0,0,3,5
org.apache.pdfbox.examples.signature.cert.CertificateVerifier,9,0,1,34
org.apache.pdfbox.examples.signature.cert.OcspHelper,8,0,1,51
org.apache.pdfbox.examples.signature.cert.OcspHelper.SHA1DigestCalculator,1,0,2,3
org.apache.pdfbox.examples.signature.cert.RevokedCertificateException,4,0,1,3
org.apache.pdfbox.examples.signature.validation.AddValidationInformation,23,0,1,48
org.apache.pdfbox.examples.signature.validation.CertInformationCollector,9,0,1,22
org.apache.pdfbox.examples.signature.validation.CertInformationCollector.CertSignatureInformation,3,0,10,11
org.apache.pdfbox.examples.signature.validation.CertInformationHelper,3,0,3,16
org.apache.pdfbox.examples.signature.validation.CertificateProccessingException,2,0,0,1
org.apache.pdfbox.examples.util.AddWatermarkText,11,0,1,10
org.apache.pdfbox.examples.util.ConnectedInputStream,1,0,1,10
org.apache.pdfbox.examples.util.DrawPrintTextLocations,24,3,1,29
org.apache.pdfbox.examples.util.ExtractTextByArea,5,0,1,5
org.apache.pdfbox.examples.util.ExtractTextSimple,4,0,1,7
org.apache.pdfbox.examples.util.PDFHighlighter,4,3,2,11
org.apache.pdfbox.examples.util.PDFMergerExample,12,0,1,5
org.apache.pdfbox.examples.util.PrintImageLocations,20,1,2,10
org.apache.pdfbox.examples.util.PrintTextColors,21,3,2,6
org.apache.pdfbox.examples.util.PrintTextLocations,4,3,2,7
org.apache.pdfbox.examples.util.RemoveAllText,15,0,1,17
org.apache.pdfbox.examples.util.SplitBooklet,4,0,1,7
org.apache.pdfbox.filter.ASCII85Filter,7,1,2,2
org.apache.pdfbox.filter.ASCII85InputStream,1,0,6,29
org.apache.pdfbox.filter.ASCII85OutputStream,1,0,1,24
org.apache.pdfbox.filter.ASCIIHexFilter,5,1,2,11
org.apache.pdfbox.filter.CCITTFaxDecoderStream,6,0,3,85
org.apache.pdfbox.filter.CCITTFaxDecoderStream.Node,2,0,1,5
org.apache.pdfbox.filter.CCITTFaxDecoderStream.Tree,2,0,1,12
org.apache.pdfbox.filter.CCITTFaxEncoderStream,5,0,1,52
org.apache.pdfbox.filter.CCITTFaxEncoderStream.Code,1,0,0,1
org.apache.pdfbox.filter.CCITTFaxFilter,11,1,1,14
org.apache.pdfbox.filter.CryptFilter,6,1,1,4
org.apache.pdfbox.filter.DCTFilter,6,1,2,39
org.apache.pdfbox.filter.DecodeOptions,12,0,6,16
org.apache.pdfbox.filter.DecodeOptions.FinalDecodeOptions,1,1,6,7
org.apache.pdfbox.filter.DecodeResult,17,0,2,5
org.apache.pdfbox.filter.Filter,30,0,4,13
org.apache.pdfbox.filter.FilterFactory,21,0,1,5
org.apache.pdfbox.filter.FlateFilter,6,1,2,8
org.apache.pdfbox.filter.IdentityFilter,5,1,2,2
org.apache.pdfbox.filter.JBIG2Filter,8,1,2,12
org.apache.pdfbox.filter.JPXFilter,9,1,2,16
org.apache.pdfbox.filter.LZWFilter,7,1,2,27
org.apache.pdfbox.filter.MissingImageReaderException,3,0,0,1
org.apache.pdfbox.filter.Predictor,7,0,3,35
org.apache.pdfbox.filter.Predictor.PredictorOutputStream,2,0,2,11
org.apache.pdfbox.filter.RunLengthDecodeFilter,5,1,2,8
org.apache.pdfbox.io.IOUtils,110,0,4,11
org.apache.pdfbox.io.MemoryUsageSetting,10,0,4,30
org.apache.pdfbox.io.RandomAccessBuffer,9,0,1,56
org.apache.pdfbox.io.RandomAccessBufferedFileInputStream,8,0,2,38
org.apache.pdfbox.io.RandomAccessFile,5,0,1,21
org.apache.pdfbox.io.RandomAccessInputStream,4,0,1,11
org.apache.pdfbox.io.RandomAccessOutputStream,5,0,1,4
org.apache.pdfbox.io.ScratchFile,16,0,1,53
org.apache.pdfbox.io.ScratchFileBuffer,4,0,1,49
org.apache.pdfbox.multipdf.LayerUtility,23,0,1,23
org.apache.pdfbox.multipdf.Overlay,17,0,1,94
org.apache.pdfbox.multipdf.Overlay.LayoutPage,4,0,0,1
org.apache.pdfbox.multipdf.Overlay.Position,2,n/a,2,0
org.apache.pdfbox.multipdf.PDFCloneUtility,13,0,1,38
org.apache.pdfbox.multipdf.PDFMergerUtility,54,0,1,201
org.apache.pdfbox.multipdf.PDFMergerUtility.AcroFormMergeMode,2,n/a,2,0
org.apache.pdfbox.multipdf.PDFMergerUtility.DocumentMergeMode,1,n/a,2,0
org.apache.pdfbox.multipdf.PageExtractor,6,0,1,9
org.apache.pdfbox.multipdf.Splitter,16,0,1,32
org.apache.pdfbox.pdfparser.BaseParser,21,0,1,156
org.apache.pdfbox.pdfparser.COSParser,34,1,1,364
org.apache.pdfbox.pdfparser.EndstreamOutputStream,2,0,1,15
org.apache.pdfbox.pdfparser.FDFParser,11,2,2,15
org.apache.pdfbox.pdfparser.InputStreamSource,6,0,1,17
org.apache.pdfbox.pdfparser.PDFObjectStreamParser,13,1,1,14
org.apache.pdfbox.pdfparser.PDFParser,14,2,2,18
org.apache.pdfbox.pdfparser.PDFStreamParser,29,1,1,54
org.apache.pdfbox.pdfparser.PDFXRefStream,16,0,2,36
org.apache.pdfbox.pdfparser.PDFXRefStream.FreeReference,1,0,0,0
org.apache.pdfbox.pdfparser.PDFXRefStream.NormalReference,1,0,0,0
org.apache.pdfbox.pdfparser.PDFXRefStream.ObjectStreamReference,1,0,0,0
org.apache.pdfbox.pdfparser.PDFXrefStreamParser,13,1,1,18
org.apache.pdfbox.pdfparser.PDFXrefStreamParser.ObjectNumbers,5,0,2,10
org.apache.pdfbox.pdfparser.RandomAccessSource,6,0,1,12
org.apache.pdfbox.pdfparser.XrefTrailerResolver,10,0,1,33
org.apache.pdfbox.pdfparser.XrefTrailerResolver.XRefType,4,n/a,2,0
org.apache.pdfbox.pdfparser.XrefTrailerResolver.XrefTrailerObj,4,0,1,2
org.apache.pdfbox.pdfwriter.COSStandardOutputStream,1,0,1,12
org.apache.pdfbox.pdfwriter.COSWriter,41,0,2,152
org.apache.pdfbox.pdfwriter.COSWriterXRefEntry,5,0,5,14
org.apache.pdfbox.pdfwriter.ContentStreamWriter,16,0,4,25
org.apache.pdfbox.pdmodel.DefaultResourceCache,10,0,7,21
org.apache.pdfbox.pdmodel.MissingResourceException,4,0,0,1
org.apache.pdfbox.pdmodel.PDAbstractContentStream,51,0,1,163
org.apache.pdfbox.pdmodel.PDAppearanceContentStream,33,1,3,33
org.apache.pdfbox.pdmodel.PDDestinationNameTreeNode,8,1,2,5
org.apache.pdfbox.pdmodel.PDDocument,337,0,7,140
org.apache.pdfbox.pdmodel.PDDocumentCatalog,126,0,1,75
org.apache.pdfbox.pdmodel.PDDocumentInformation,19,0,1,27
org.apache.pdfbox.pdmodel.PDDocumentNameDestinationDictionary,9,0,1,6
org.apache.pdfbox.pdmodel.PDDocumentNameDictionary,17,0,1,14
org.apache.pdfbox.pdmodel.PDEmbeddedFilesNameTreeNode,13,1,2,4
org.apache.pdfbox.pdmodel.PDFormContentStream,5,1,0,1
org.apache.pdfbox.pdmodel.PDJavascriptNameTreeNode,6,1,2,5
org.apache.pdfbox.pdmodel.PDPage,150,0,2,92
org.apache.pdfbox.pdmodel.PDPageContentStream,87,0,1,245
org.apache.pdfbox.pdmodel.PDPageContentStream.AppendMode,22,n/a,4,2
org.apache.pdfbox.pdmodel.PDPageTree,26,0,1,58
org.apache.pdfbox.pdmodel.PDPageTree.PageIterator,6,0,2,12
org.apache.pdfbox.pdmodel.PDPageTree.SearchContext,3,0,1,2
org.apache.pdfbox.pdmodel.PDPatternContentStream,4,1,0,1
org.apache.pdfbox.pdmodel.PDResources,105,0,1,104
org.apache.pdfbox.pdmodel.PDStructureElementNameTreeNode,6,1,2,4
org.apache.pdfbox.pdmodel.PageLayout,2,n/a,2,5
org.apache.pdfbox.pdmodel.PageMode,7,n/a,2,5
org.apache.pdfbox.pdmodel.common.COSArrayList,42,0,7,87
org.apache.pdfbox.pdmodel.common.COSDictionaryMap,12,0,4,28
org.apache.pdfbox.pdmodel.common.PDDictionaryWrapper,18,0,1,7
org.apache.pdfbox.pdmodel.common.PDMetadata,17,1,2,5
org.apache.pdfbox.pdmodel.common.PDNameTreeNode,25,0,1,38
org.apache.pdfbox.pdmodel.common.PDNumberTreeNode,13,0,1,37
org.apache.pdfbox.pdmodel.common.PDObjectStream,6,1,4,10
org.apache.pdfbox.pdmodel.common.PDPageLabelRange,6,0,1,12
org.apache.pdfbox.pdmodel.common.PDPageLabels,15,0,1,26
org.apache.pdfbox.pdmodel.common.PDPageLabels.LabelGenerator,2,0,2,19
org.apache.pdfbox.pdmodel.common.PDRange,17,0,1,10
org.apache.pdfbox.pdmodel.common.PDRectangle,109,0,1,22
org.apache.pdfbox.pdmodel.common.PDStream,87,0,1,50
org.apache.pdfbox.pdmodel.common.PDTypedDictionaryWrapper,3,1,1,3
org.apache.pdfbox.pdmodel.common.filespecification.PDComplexFileSpecification,14,1,1,52
org.apache.pdfbox.pdmodel.common.filespecification.PDEmbeddedFile,13,1,10,29
org.apache.pdfbox.pdmodel.common.filespecification.PDFileSpecification,16,0,3,4
org.apache.pdfbox.pdmodel.common.filespecification.PDSimpleFileSpecification,4,1,1,5
org.apache.pdfbox.pdmodel.common.function.PDFunction,25,0,5,38
org.apache.pdfbox.pdmodel.common.function.PDFunctionType0,9,1,3,24
org.apache.pdfbox.pdmodel.common.function.PDFunctionType0.Rinterpol,5,0,1,18
org.apache.pdfbox.pdmodel.common.function.PDFunctionType2,10,1,2,12
org.apache.pdfbox.pdmodel.common.function.PDFunctionType3,7,1,2,17
org.apache.pdfbox.pdmodel.common.function.PDFunctionType4,10,1,2,6
org.apache.pdfbox.pdmodel.common.function.PDFunctionTypeIdentity,4,1,3,5
org.apache.pdfbox.pdmodel.common.function.type4.ArithmeticOperators,0,0,0,1
org.apache.pdfbox.pdmodel.common.function.type4.ArithmeticOperators.Abs,3,0,1,2
org.apache.pdfbox.pdmodel.common.function.type4.ArithmeticOperators.Add,3,0,1,3
org.apache.pdfbox.pdmodel.common.function.type4.ArithmeticOperators.Atan,3,0,1,2
org.apache.pdfbox.pdmodel.common.function.type4.ArithmeticOperators.Ceiling,3,0,1,2
org.apache.pdfbox.pdmodel.common.function.type4.ArithmeticOperators.Cos,3,0,1,1
org.apache.pdfbox.pdmodel.common.function.type4.ArithmeticOperators.Cvi,3,0,1,1
org.apache.pdfbox.pdmodel.common.function.type4.ArithmeticOperators.Cvr,3,0,1,1
org.apache.pdfbox.pdmodel.common.function.type4.ArithmeticOperators.Div,3,0,1,1
org.apache.pdfbox.pdmodel.common.function.type4.ArithmeticOperators.Exp,3,0,1,1
org.apache.pdfbox.pdmodel.common.function.type4.ArithmeticOperators.Floor,3,0,1,2
org.apache.pdfbox.pdmodel.common.function.type4.ArithmeticOperators.IDiv,3,0,1,1
org.apache.pdfbox.pdmodel.common.function.type4.ArithmeticOperators.Ln,3,0,1,1
org.apache.pdfbox.pdmodel.common.function.type4.ArithmeticOperators.Log,3,0,1,1
org.apache.pdfbox.pdmodel.common.function.type4.ArithmeticOperators.Mod,3,0,1,1
org.apache.pdfbox.pdmodel.common.function.type4.ArithmeticOperators.Mul,3,0,1,3
org.apache.pdfbox.pdmodel.common.function.type4.ArithmeticOperators.Neg,3,0,1,3
org.apache.pdfbox.pdmodel.common.function.type4.ArithmeticOperators.Round,3,0,1,2
org.apache.pdfbox.pdmodel.common.function.type4.ArithmeticOperators.Sin,3,0,1,1
org.apache.pdfbox.pdmodel.common.function.type4.ArithmeticOperators.Sqrt,3,0,1,2
org.apache.pdfbox.pdmodel.common.function.type4.ArithmeticOperators.Sub,3,0,1,3
org.apache.pdfbox.pdmodel.common.function.type4.ArithmeticOperators.Truncate,3,0,1,2
org.apache.pdfbox.pdmodel.common.function.type4.BitwiseOperators,0,0,0,1
org.apache.pdfbox.pdmodel.common.function.type4.BitwiseOperators.AbstractLogicalOperator,5,0,1,3
org.apache.pdfbox.pdmodel.common.function.type4.BitwiseOperators.And,2,1,2,2
org.apache.pdfbox.pdmodel.common.function.type4.BitwiseOperators.Bitshift,3,0,1,2
org.apache.pdfbox.pdmodel.common.function.type4.BitwiseOperators.False,3,0,1,1
org.apache.pdfbox.pdmodel.common.function.type4.BitwiseOperators.Not,3,0,1,3
org.apache.pdfbox.pdmodel.common.function.type4.BitwiseOperators.Or,2,1,2,2
org.apache.pdfbox.pdmodel.common.function.type4.BitwiseOperators.True,3,0,1,1
org.apache.pdfbox.pdmodel.common.function.type4.BitwiseOperators.Xor,2,1,2,2
org.apache.pdfbox.pdmodel.common.function.type4.ConditionalOperators,0,0,0,1
org.apache.pdfbox.pdmodel.common.function.type4.ConditionalOperators.If,4,0,1,2
org.apache.pdfbox.pdmodel.common.function.type4.ConditionalOperators.IfElse,4,0,1,2
org.apache.pdfbox.pdmodel.common.function.type4.ExecutionContext,42,0,2,6
org.apache.pdfbox.pdmodel.common.function.type4.InstructionSequence,8,0,1,10
org.apache.pdfbox.pdmodel.common.function.type4.InstructionSequenceBuilder,6,1,2,13
org.apache.pdfbox.pdmodel.common.function.type4.Operators,47,0,1,2
org.apache.pdfbox.pdmodel.common.function.type4.Parser,3,0,1,2
org.apache.pdfbox.pdmodel.common.function.type4.Parser.AbstractSyntaxHandler,2,0,3,3
org.apache.pdfbox.pdmodel.common.function.type4.Parser.State,1,n/a,2,0
org.apache.pdfbox.pdmodel.common.function.type4.Parser.Tokenizer,3,0,1,34
org.apache.pdfbox.pdmodel.common.function.type4.RelationalOperators,0,0,0,1
org.apache.pdfbox.pdmodel.common.function.type4.RelationalOperators.AbstractNumberComparisonOperator,6,0,1,1
org.apache.pdfbox.pdmodel.common.function.type4.RelationalOperators.Eq,4,0,1,3
org.apache.pdfbox.pdmodel.common.function.type4.RelationalOperators.Ge,2,1,1,1
org.apache.pdfbox.pdmodel.common.function.type4.RelationalOperators.Gt,2,1,1,1
org.apache.pdfbox.pdmodel.common.function.type4.RelationalOperators.Le,2,1,1,1
org.apache.pdfbox.pdmodel.common.function.type4.RelationalOperators.Lt,2,1,1,1
org.apache.pdfbox.pdmodel.common.function.type4.RelationalOperators.Ne,2,1,1,1
org.apache.pdfbox.pdmodel.common.function.type4.StackOperators,0,0,0,1
org.apache.pdfbox.pdmodel.common.function.type4.StackOperators.Copy,3,0,1,2
org.apache.pdfbox.pdmodel.common.function.type4.StackOperators.Dup,3,0,1,1
org.apache.pdfbox.pdmodel.common.function.type4.StackOperators.Exch,3,0,1,1
org.apache.pdfbox.pdmodel.common.function.type4.StackOperators.Index,3,0,1,2
org.apache.pdfbox.pdmodel.common.function.type4.StackOperators.Pop,3,0,1,1
org.apache.pdfbox.pdmodel.common.function.type4.StackOperators.Roll,3,0,1,8
org.apache.pdfbox.pdmodel.documentinterchange.logicalstructure.PDAttributeObject,15,1,3,27
org.apache.pdfbox.pdmodel.documentinterchange.logicalstructure.PDDefaultAttributeObject,5,2,3,12
org.apache.pdfbox.pdmodel.documentinterchange.logicalstructure.PDMarkInfo,4,0,1,9
org.apache.pdfbox.pdmodel.documentinterchange.logicalstructure.PDMarkedContentReference,6,0,1,9
org.apache.pdfbox.pdmodel.documentinterchange.logicalstructure.PDObjectReference,10,0,1,10
org.apache.pdfbox.pdmodel.documentinterchange.logicalstructure.PDParentTreeValue,6,0,1,4
org.apache.pdfbox.pdmodel.documentinterchange.logicalstructure.PDStructureElement,21,1,18,90
org.apache.pdfbox.pdmodel.documentinterchange.logicalstructure.PDStructureNode,14,0,1,51
org.apache.pdfbox.pdmodel.documentinterchange.logicalstructure.PDStructureTreeRoot,15,1,5,20
org.apache.pdfbox.pdmodel.documentinterchange.logicalstructure.PDUserAttributeObject,6,2,2,11
org.apache.pdfbox.pdmodel.documentinterchange.logicalstructure.PDUserProperty,5,1,1,24
org.apache.pdfbox.pdmodel.documentinterchange.logicalstructure.Revisions,2,0,1,14
org.apache.pdfbox.pdmodel.documentinterchange.markedcontent.PDMarkedContent,8,0,4,21
org.apache.pdfbox.pdmodel.documentinterchange.markedcontent.PDPropertyList,16,0,2,6
org.apache.pdfbox.pdmodel.documentinterchange.prepress.PDBoxStyle,8,0,1,15
org.apache.pdfbox.pdmodel.documentinterchange.taggedpdf.PDArtifactMarkedContent,5,1,4,13
org.apache.pdfbox.pdmodel.documentinterchange.taggedpdf.PDExportFormatAttributeObject,6,4,6,21
org.apache.pdfbox.pdmodel.documentinterchange.taggedpdf.PDFourColours,7,0,1,17
org.apache.pdfbox.pdmodel.documentinterchange.taggedpdf.PDLayoutAttributeObject,10,3,29,135
org.apache.pdfbox.pdmodel.documentinterchange.taggedpdf.PDListAttributeObject,4,3,1,6
org.apache.pdfbox.pdmodel.documentinterchange.taggedpdf.PDPrintFieldAttributeObject,3,3,3,12
org.apache.pdfbox.pdmodel.documentinterchange.taggedpdf.PDStandardAttributeObject,16,2,23,47
org.apache.pdfbox.pdmodel.documentinterchange.taggedpdf.PDTableAttributeObject,4,3,5,18
org.apache.pdfbox.pdmodel.documentinterchange.taggedpdf.StandardStructureTypes,0,0,0,3
org.apache.pdfbox.pdmodel.encryption.AccessPermission,17,0,1,44
org.apache.pdfbox.pdmodel.encryption.DecryptionMaterial,6,0,0,0
org.apache.pdfbox.pdmodel.encryption.InvalidPasswordException,3,0,0,1
org.apache.pdfbox.pdmodel.encryption.MessageDigests,3,0,3,4
org.apache.pdfbox.pdmodel.encryption.PDCryptFilterDictionary,8,0,1,11
org.apache.pdfbox.pdmodel.encryption.PDEncryption,19,0,1,57
org.apache.pdfbox.pdmodel.encryption.PDEncryptionDictionary,2,1,0,2
org.apache.pdfbox.pdmodel.encryption.ProtectionPolicy,10,0,2,5
org.apache.pdfbox.pdmodel.encryption.PublicKeyDecryptionMaterial,3,1,1,8
org.apache.pdfbox.pdmodel.encryption.PublicKeyProtectionPolicy,6,1,2,7
org.apache.pdfbox.pdmodel.encryption.PublicKeyRecipient,5,0,2,4
org.apache.pdfbox.pdmodel.encryption.PublicKeySecurityHandler,20,1,1,38
org.apache.pdfbox.pdmodel.encryption.RC4Cipher,2,0,1,15
org.apache.pdfbox.pdmodel.encryption.SaslPrep,1,0,1,25
org.apache.pdfbox.pdmodel.encryption.SecurityHandler,24,0,5,66
org.apache.pdfbox.pdmodel.encryption.SecurityHandlerFactory,8,0,1,8
org.apache.pdfbox.pdmodel.encryption.SecurityProvider,9,0,1,4
org.apache.pdfbox.pdmodel.encryption.StandardDecryptionMaterial,3,1,1,2
org.apache.pdfbox.pdmodel.encryption.StandardProtectionPolicy,6,1,3,7
org.apache.pdfbox.pdmodel.encryption.StandardSecurityHandler,21,1,1,109
org.apache.pdfbox.pdmodel.fdf.FDFAnnotation,33,0,3,121
org.apache.pdfbox.pdmodel.fdf.FDFAnnotationCaret,7,1,1,13
org.apache.pdfbox.pdmodel.fdf.FDFAnnotationCircle,7,1,1,15
org.apache.pdfbox.pdmodel.fdf.FDFAnnotationFileAttachment,4,1,0,3
org.apache.pdfbox.pdmodel.fdf.FDFAnnotationFreeText,8,1,1,29
org.apache.pdfbox.pdmodel.fdf.FDFAnnotationHighlight,5,2,0,3
org.apache.pdfbox.pdmodel.fdf.FDFAnnotationInk,7,1,1,12
org.apache.pdfbox.pdmodel.fdf.FDFAnnotationLine,8,1,1,53
org.apache.pdfbox.pdmodel.fdf.FDFAnnotationLink,5,1,0,5
org.apache.pdfbox.pdmodel.fdf.FDFAnnotationPolygon,6,1,1,15
org.apache.pdfbox.pdmodel.fdf.FDFAnnotationPolyline,7,1,1,28
org.apache.pdfbox.pdmodel.fdf.FDFAnnotationSound,4,1,0,3
org.apache.pdfbox.pdmodel.fdf.FDFAnnotationSquare,7,1,1,15
org.apache.pdfbox.pdmodel.fdf.FDFAnnotationSquiggly,5,2,0,3
org.apache.pdfbox.pdmodel.fdf.FDFAnnotationStamp,11,1,1,45
org.apache.pdfbox.pdmodel.fdf.FDFAnnotationStrikeOut,5,2,0,3
org.apache.pdfbox.pdmodel.fdf.FDFAnnotationText,5,1,1,12
org.apache.pdfbox.pdmodel.fdf.FDFAnnotationTextMarkup,9,1,1,9
org.apache.pdfbox.pdmodel.fdf.FDFAnnotationUnderline,5,2,0,3
org.apache.pdfbox.pdmodel.fdf.FDFCatalog,9,0,1,13
org.apache.pdfbox.pdmodel.fdf.FDFDictionary,34,0,1,68
org.apache.pdfbox.pdmodel.fdf.FDFDocument,15,0,10,24
org.apache.pdfbox.pdmodel.fdf.FDFField,26,0,1,103
org.apache.pdfbox.pdmodel.fdf.FDFIconFit,6,0,1,14
org.apache.pdfbox.pdmodel.fdf.FDFJavaScript,11,0,1,19
org.apache.pdfbox.pdmodel.fdf.FDFNamedPageReference,6,0,1,7
org.apache.pdfbox.pdmodel.fdf.FDFOptionElement,5,0,1,8
org.apache.pdfbox.pdmodel.fdf.FDFPage,8,0,1,10
org.apache.pdfbox.pdmodel.fdf.FDFPageInfo,3,0,1,3
org.apache.pdfbox.pdmodel.fdf.FDFTemplate,8,0,1,12
org.apache.pdfbox.pdmodel.fdf.XMLUtil,1,0,2,3
org.apache.pdfbox.pdmodel.fixup.AbstractFixup,4,0,0,1
org.apache.pdfbox.pdmodel.fixup.AcroFormDefaultFixup,9,1,1,4
org.apache.pdfbox.pdmodel.fixup.processor.AbstractProcessor,5,0,0,1
org.apache.pdfbox.pdmodel.fixup.processor.AcroFormDefaultsProcessor,9,1,1,9
org.apache.pdfbox.pdmodel.fixup.processor.AcroFormGenerateAppearancesProcessor,5,1,1,3
org.apache.pdfbox.pdmodel.fixup.processor.AcroFormOrphanWidgetsProcessor,22,1,1,28
org.apache.pdfbox.pdmodel.font.CIDFontMapping,7,1,2,3
org.apache.pdfbox.pdmodel.font.CIDSystemInfo,4,0,3,5
org.apache.pdfbox.pdmodel.font.CMapManager,4,0,2,5
org.apache.pdfbox.pdmodel.font.FileSystemFontProvider,25,1,1,59
org.apache.pdfbox.pdmodel.font.FileSystemFontProvider.FSFontInfo,16,1,8,30
org.apache.pdfbox.pdmodel.font.FileSystemFontProvider.FSIgnored,3,2,0,1
org.apache.pdfbox.pdmodel.font.FontCache,5,0,1,3
org.apache.pdfbox.pdmodel.font.FontFormat,5,n/a,2,0
org.apache.pdfbox.pdmodel.font.FontInfo,10,0,9,15
org.apache.pdfbox.pdmodel.font.FontMapperImpl,21,0,2,89
org.apache.pdfbox.pdmodel.font.FontMapperImpl.DefaultFontProvider,3,0,0,0
org.apache.pdfbox.pdmodel.font.FontMapperImpl.FontMatch,2,0,1,2
org.apache.pdfbox.pdmodel.font.FontMappers,8,0,1,4
org.apache.pdfbox.pdmodel.font.FontMappers.DefaultFontMapper,3,0,0,0
org.apache.pdfbox.pdmodel.font.FontMapping,10,0,2,3
org.apache.pdfbox.pdmodel.font.FontProvider,4,0,2,0
org.apache.pdfbox.pdmodel.font.PDCIDFont,27,0,4,50
org.apache.pdfbox.pdmodel.font.PDCIDFontType0,32,1,4,51
org.apache.pdfbox.pdmodel.font.PDCIDFontType0.FF3ByteSource,5,0,1,1
org.apache.pdfbox.pdmodel.font.PDCIDFontType2,36,1,2,51
org.apache.pdfbox.pdmodel.font.PDCIDFontType2Embedder,23,1,1,72
org.apache.pdfbox.pdmodel.font.PDCIDFontType2Embedder.State,1,n/a,2,0
org.apache.pdfbox.pdmodel.font.PDCIDSystemInfo,8,0,1,7
org.apache.pdfbox.pdmodel.font.PDFont,102,0,7,63
org.apache.pdfbox.pdmodel.font.PDFontDescriptor,46,0,1,90
org.apache.pdfbox.pdmodel.font.PDFontFactory,19,0,2,18
org.apache.pdfbox.pdmodel.font.PDMMType1Font,3,3,0,1
org.apache.pdfbox.pdmodel.font.PDPanose,4,0,1,3
org.apache.pdfbox.pdmodel.font.PDPanoseClassification,6,0,1,13
org.apache.pdfbox.pdmodel.font.PDSimpleFont,37,1,8,53
org.apache.pdfbox.pdmodel.font.PDTrueTypeFont,46,2,7,86
org.apache.pdfbox.pdmodel.font.PDTrueTypeFontEmbedder,14,1,2,7
org.apache.pdfbox.pdmodel.font.PDType0Font,44,1,11,74
org.apache.pdfbox.pdmodel.font.PDType1CFont,27,2,4,50
org.apache.pdfbox.pdmodel.font.PDType1CFont.FF3ByteSource,5,0,1,1
org.apache.pdfbox.pdmodel.font.PDType1Font,65,2,5,73
org.apache.pdfbox.pdmodel.font.PDType1FontEmbedder,19,0,5,9
org.apache.pdfbox.pdmodel.font.PDType3CharProc,20,0,3,21
org.apache.pdfbox.pdmodel.font.PDType3Font,33,2,11,59
org.apache.pdfbox.pdmodel.font.Standard14Fonts,7,0,1,12
org.apache.pdfbox.pdmodel.font.ToUnicodeWriter,5,0,1,19
org.apache.pdfbox.pdmodel.font.TrueTypeEmbedder,24,0,1,34
org.apache.pdfbox.pdmodel.font.UniUtil,4,0,1,6
org.apache.pdfbox.pdmodel.font.encoding.BuiltInEncoding,3,1,2,4
org.apache.pdfbox.pdmodel.font.encoding.DictionaryEncoding,10,1,2,19
org.apache.pdfbox.pdmodel.font.encoding.Encoding,32,0,3,16
org.apache.pdfbox.pdmodel.font.encoding.GlyphList,20,0,4,29
org.apache.pdfbox.pdmodel.font.encoding.MacExpertEncoding,4,1,2,4
org.apache.pdfbox.pdmodel.font.encoding.MacOSRomanEncoding,4,2,1,3
org.apache.pdfbox.pdmodel.font.encoding.MacRomanEncoding,9,1,2,4
org.apache.pdfbox.pdmodel.font.encoding.StandardEncoding,8,1,2,4
org.apache.pdfbox.pdmodel.font.encoding.SymbolEncoding,5,1,2,4
org.apache.pdfbox.pdmodel.font.encoding.Type1Encoding,9,1,3,7
org.apache.pdfbox.pdmodel.font.encoding.WinAnsiEncoding,12,1,2,6
org.apache.pdfbox.pdmodel.font.encoding.ZapfDingbatsEncoding,5,1,2,4
org.apache.pdfbox.pdmodel.graphics.PDFontSetting,9,0,1,8
org.apache.pdfbox.pdmodel.graphics.PDLineDashPattern,14,0,1,6
org.apache.pdfbox.pdmodel.graphics.PDPostScriptXObject,5,1,0,1
org.apache.pdfbox.pdmodel.graphics.PDXObject,51,0,2,15
org.apache.pdfbox.pdmodel.graphics.blend.BlendComposite,3,0,2,6
org.apache.pdfbox.pdmodel.graphics.blend.BlendComposite.BlendCompositeContext,4,0,2,22
org.apache.pdfbox.pdmodel.graphics.blend.BlendMode,15,0,3,46
org.apache.pdfbox.pdmodel.graphics.blend.NonSeparableBlendMode,2,1,1,1
org.apache.pdfbox.pdmodel.graphics.blend.SeparableBlendMode,2,1,1,1
org.apache.pdfbox.pdmodel.graphics.color.PDCIEBasedColorSpace,4,1,2,5
org.apache.pdfbox.pdmodel.graphics.color.PDCIEDictionaryBasedColorSpace,11,2,2,14
org.apache.pdfbox.pdmodel.graphics.color.PDCalGray,9,3,5,12
org.apache.pdfbox.pdmodel.graphics.color.PDCalRGB,9,3,5,16
org.apache.pdfbox.pdmodel.graphics.color.PDColor,69,0,1,18
org.apache.pdfbox.pdmodel.graphics.color.PDColorSpace,82,0,11,39
org.apache.pdfbox.pdmodel.graphics.color.PDDeviceCMYK,18,2,6,19
org.apache.pdfbox.pdmodel.graphics.color.PDDeviceColorSpace,7,1,1,2
org.apache.pdfbox.pdmodel.graphics.color.PDDeviceGray,27,2,7,10
org.apache.pdfbox.pdmodel.graphics.color.PDDeviceN,18,2,4,60
org.apache.pdfbox.pdmodel.graphics.color.PDDeviceNAttributes,9,0,1,14
org.apache.pdfbox.pdmodel.graphics.color.PDDeviceNProcess,8,0,1,10
org.apache.pdfbox.pdmodel.graphics.color.PDDeviceRGB,35,2,7,8
org.apache.pdfbox.pdmodel.graphics.color.PDGamma,9,0,1,10
org.apache.pdfbox.pdmodel.graphics.color.PDICCBased,32,2,4,74
org.apache.pdfbox.pdmodel.graphics.color.PDIndexed,21,2,5,33
org.apache.pdfbox.pdmodel.graphics.color.PDJPXColorSpace,5,1,5,10
org.apache.pdfbox.pdmodel.graphics.color.PDLab,10,3,4,24
org.apache.pdfbox.pdmodel.graphics.color.PDOutputIntent,11,0,2,13
org.apache.pdfbox.pdmodel.graphics.color.PDPattern,16,2,9,13
org.apache.pdfbox.pdmodel.graphics.color.PDSeparation,19,2,6,29
org.apache.pdfbox.pdmodel.graphics.color.PDSpecialColorSpace,6,1,1,1
org.apache.pdfbox.pdmodel.graphics.color.PDTristimulus,8,0,1,11
org.apache.pdfbox.pdmodel.graphics.form.PDFormXObject,69,1,9,27
org.apache.pdfbox.pdmodel.graphics.form.PDTransparencyGroup,14,2,0,3
org.apache.pdfbox.pdmodel.graphics.form.PDTransparencyGroupAttributes,8,0,1,8
org.apache.pdfbox.pdmodel.graphics.image.CCITTFactory,15,0,1,58
org.apache.pdfbox.pdmodel.graphics.image.JPEGFactory,17,0,1,43
org.apache.pdfbox.pdmodel.graphics.image.JPEGFactory.Dimensions,1,0,0,0
org.apache.pdfbox.pdmodel.graphics.image.LosslessFactory,19,0,1,28
org.apache.pdfbox.pdmodel.graphics.image.LosslessFactory.PredictorEncoder,15,0,1,50
org.apache.pdfbox.pdmodel.graphics.image.PDImageXObject,58,1,13,115
org.apache.pdfbox.pdmodel.graphics.image.PDInlineImage,20,0,3,54
org.apache.pdfbox.pdmodel.graphics.image.PNGConverter,23,0,1,105
org.apache.pdfbox.pdmodel.graphics.image.PNGConverter.Chunk,3,0,1,1
org.apache.pdfbox.pdmodel.graphics.image.PNGConverter.MultipleInputStream,1,0,1,11
org.apache.pdfbox.pdmodel.graphics.image.PNGConverter.PNGConverterState,3,0,0,0
org.apache.pdfbox.pdmodel.graphics.image.SampledImageReader,10,0,1,80
org.apache.pdfbox.pdmodel.graphics.optionalcontent.PDOptionalContentGroup,12,1,1,15
org.apache.pdfbox.pdmodel.graphics.optionalcontent.PDOptionalContentGroup.RenderState,3,n/a,4,4
org.apache.pdfbox.pdmodel.graphics.optionalcontent.PDOptionalContentMembershipDictionary,6,1,1,12
org.apache.pdfbox.pdmodel.graphics.optionalcontent.PDOptionalContentProperties,15,0,1,48
org.apache.pdfbox.pdmodel.graphics.optionalcontent.PDOptionalContentProperties.BaseState,3,n/a,4,4
org.apache.pdfbox.pdmodel.graphics.pattern.PDAbstractPattern,20,0,3,14
org.apache.pdfbox.pdmodel.graphics.pattern.PDShadingPattern,7,1,3,11
org.apache.pdfbox.pdmodel.graphics.pattern.PDTilingPattern,24,1,9,22
org.apache.pdfbox.pdmodel.graphics.shading.AxialShadingContext,8,1,1,24
org.apache.pdfbox.pdmodel.graphics.shading.AxialShadingPaint,4,1,2,3
org.apache.pdfbox.pdmodel.graphics.shading.CoonsPatch,6,1,2,19
org.apache.pdfbox.pdmodel.graphics.shading.CoordinateColorPair,4,0,0,1
org.apache.pdfbox.pdmodel.graphics.shading.CubicBezierCurve,2,0,3,9
org.apache.pdfbox.pdmodel.graphics.shading.GouraudShadingContext,6,2,1,5
org.apache.pdfbox.pdmodel.graphics.shading.IntPoint,2,0,0,7
org.apache.pdfbox.pdmodel.graphics.shading.Line,4,0,2,13
org.apache.pdfbox.pdmodel.graphics.shading.PDMeshBasedShadingType,13,3,2,23
org.apache.pdfbox.pdmodel.graphics.shading.PDShading,36,0,5,46
org.apache.pdfbox.pdmodel.graphics.shading.PDShadingType1,8,1,4,9
org.apache.pdfbox.pdmodel.graphics.shading.PDShadingType2,10,1,5,12
org.apache.pdfbox.pdmodel.graphics.shading.PDShadingType3,7,2,2,3
org.apache.pdfbox.pdmodel.graphics.shading.PDShadingType4,14,2,3,19
org.apache.pdfbox.pdmodel.graphics.shading.PDShadingType5,12,2,3,17
org.apache.pdfbox.pdmodel.graphics.shading.PDShadingType6,8,4,4,5
org.apache.pdfbox.pdmodel.graphics.shading.PDShadingType7,8,4,4,5
org.apache.pdfbox.pdmodel.graphics.shading.PDTriangleBasedShadingType,13,1,3,23
org.apache.pdfbox.pdmodel.graphics.shading.Patch,9,0,6,16
org.apache.pdfbox.pdmodel.graphics.shading.PatchMeshesShadingContext,6,2,1,5
org.apache.pdfbox.pdmodel.graphics.shading.RadialShadingContext,9,1,1,33
org.apache.pdfbox.pdmodel.graphics.shading.RadialShadingPaint,4,1,2,3
org.apache.pdfbox.pdmodel.graphics.shading.ShadedTriangle,11,0,2,23
org.apache.pdfbox.pdmodel.graphics.shading.ShadingContext,8,0,4,9
org.apache.pdfbox.pdmodel.graphics.shading.ShadingPaint,9,0,2,3
org.apache.pdfbox.pdmodel.graphics.shading.TensorPatch,5,1,2,33
org.apache.pdfbox.pdmodel.graphics.shading.TriangleBasedShadingContext,10,1,3,22
org.apache.pdfbox.pdmodel.graphics.shading.Type1ShadingContext,7,1,1,12
org.apache.pdfbox.pdmodel.graphics.shading.Type1ShadingPaint,4,1,2,3
org.apache.pdfbox.pdmodel.graphics.shading.Type4ShadingContext,5,3,0,1
org.apache.pdfbox.pdmodel.graphics.shading.Type4ShadingPaint,4,1,2,3
org.apache.pdfbox.pdmodel.graphics.shading.Type5ShadingContext,5,3,0,1
org.apache.pdfbox.pdmodel.graphics.shading.Type5ShadingPaint,4,1,2,3
org.apache.pdfbox.pdmodel.graphics.shading.Type6ShadingContext,4,3,0,1
org.apache.pdfbox.pdmodel.graphics.shading.Type6ShadingPaint,4,1,2,3
org.apache.pdfbox.pdmodel.graphics.shading.Type7ShadingContext,4,3,0,1
org.apache.pdfbox.pdmodel.graphics.shading.Type7ShadingPaint,4,1,2,3
org.apache.pdfbox.pdmodel.graphics.shading.Vertex,4,0,0,4
org.apache.pdfbox.pdmodel.graphics.state.PDExtendedGraphicsState,30,0,1,84
org.apache.pdfbox.pdmodel.graphics.state.PDGraphicsState,48,0,23,64
org.apache.pdfbox.pdmodel.graphics.state.PDSoftMask,14,0,3,19
org.apache.pdfbox.pdmodel.graphics.state.PDTextState,19,0,9,19
org.apache.pdfbox.pdmodel.graphics.state.RenderingIntent,4,n/a,2,5
org.apache.pdfbox.pdmodel.graphics.state.RenderingMode,10,n/a,5,6
org.apache.pdfbox.pdmodel.interactive.action.OpenMode,3,n/a,2,0
org.apache.pdfbox.pdmodel.interactive.action.PDAction,39,0,1,12
org.apache.pdfbox.pdmodel.interactive.action.PDActionEmbeddedGoTo,13,1,4,21
org.apache.pdfbox.pdmodel.interactive.action.PDActionFactory,29,0,1,17
org.apache.pdfbox.pdmodel.interactive.action.PDActionGoTo,16,1,1,7
org.apache.pdfbox.pdmodel.interactive.action.PDActionHide,6,1,1,6
org.apache.pdfbox.pdmodel.interactive.action.PDActionImportData,5,1,1,4
org.apache.pdfbox.pdmodel.interactive.action.PDActionJavaScript,16,1,1,7
org.apache.pdfbox.pdmodel.interactive.action.PDActionLaunch,8,1,1,26
org.apache.pdfbox.pdmodel.interactive.action.PDActionMovie,4,1,1,4
org.apache.pdfbox.pdmodel.interactive.action.PDActionNamed,3,1,1,4
org.apache.pdfbox.pdmodel.interactive.action.PDActionRemoteGoTo,9,1,1,19
org.apache.pdfbox.pdmodel.interactive.action.PDActionResetForm,6,1,1,7
org.apache.pdfbox.pdmodel.interactive.action.PDActionSound,8,1,1,21
org.apache.pdfbox.pdmodel.interactive.action.PDActionSubmitForm,7,1,1,9
org.apache.pdfbox.pdmodel.interactive.action.PDActionThread,6,1,1,8
org.apache.pdfbox.pdmodel.interactive.action.PDActionURI,16,1,1,12
org.apache.pdfbox.pdmodel.interactive.action.PDAdditionalActions,6,0,1,5
org.apache.pdfbox.pdmodel.interactive.action.PDAnnotationAdditionalActions,8,0,1,33
org.apache.pdfbox.pdmodel.interactive.action.PDDocumentCatalogAdditionalActions,5,0,1,18
org.apache.pdfbox.pdmodel.interactive.action.PDFormFieldAdditionalActions,10,0,1,15
org.apache.pdfbox.pdmodel.interactive.action.PDPageAdditionalActions,6,0,1,9
org.apache.pdfbox.pdmodel.interactive.action.PDTargetDirectory,8,0,1,27
org.apache.pdfbox.pdmodel.interactive.action.PDURIDictionary,3,0,1,5
org.apache.pdfbox.pdmodel.interactive.action.PDWindowsLaunchParams,4,0,1,11
org.apache.pdfbox.pdmodel.interactive.annotation.PDAnnotation,104,0,3,87
org.apache.pdfbox.pdmodel.interactive.annotation.PDAnnotationFileAttachment,7,2,3,7
org.apache.pdfbox.pdmodel.interactive.annotation.PDAnnotationLine,19,2,11,41
org.apache.pdfbox.pdmodel.interactive.annotation.PDAnnotationLink,21,1,8,22
org.apache.pdfbox.pdmodel.interactive.annotation.PDAnnotationMarkup,38,1,27,89
org.apache.pdfbox.pdmodel.interactive.annotation.PDAnnotationPopup,5,1,3,6
org.apache.pdfbox.pdmodel.interactive.annotation.PDAnnotationRubberStamp,9,2,1,4
org.apache.pdfbox.pdmodel.interactive.annotation.PDAnnotationSquareCircle,20,2,5,25
org.apache.pdfbox.pdmodel.interactive.annotation.PDAnnotationText,10,2,6,14
org.apache.pdfbox.pdmodel.interactive.annotation.PDAnnotationTextMarkup,16,2,2,17
org.apache.pdfbox.pdmodel.interactive.annotation.PDAnnotationUnknown,7,1,0,1
org.apache.pdfbox.pdmodel.interactive.annotation.PDAnnotationWidget,49,1,6,19
org.apache.pdfbox.pdmodel.interactive.annotation.PDAppearanceCharacteristicsDictionary,22,0,1,26
org.apache.pdfbox.pdmodel.interactive.annotation.PDAppearanceDictionary,25,0,1,15
org.apache.pdfbox.pdmodel.interactive.annotation.PDAppearanceEntry,18,0,1,11
org.apache.pdfbox.pdmodel.interactive.annotation.PDAppearanceStream,28,2,0,2
org.apache.pdfbox.pdmodel.interactive.annotation.PDBorderEffectDictionary,9,0,1,7
org.apache.pdfbox.pdmodel.interactive.annotation.PDBorderStyleDictionary,24,0,1,12
org.apache.pdfbox.pdmodel.interactive.annotation.PDExternalDataDictionary,4,0,1,6
org.apache.pdfbox.pdmodel.interactive.annotation.handlers.AnnotationBorder,14,0,1,11
org.apache.pdfbox.pdmodel.interactive.annotation.handlers.CloudyBorder,8,0,1,116
org.apache.pdfbox.pdmodel.interactive.annotation.handlers.PDAbstractAppearanceHandler,36,0,5,47
org.apache.pdfbox.pdmodel.interactive.annotation.handlers.PDCaretAppearanceHandler,13,1,3,6
org.apache.pdfbox.pdmodel.interactive.annotation.handlers.PDCircleAppearanceHandler,17,1,3,10
org.apache.pdfbox.pdmodel.interactive.annotation.handlers.PDFileAttachmentAppearanceHandler,10,1,3,7
org.apache.pdfbox.pdmodel.interactive.annotation.handlers.PDFreeTextAppearanceHandler,38,1,3,50
org.apache.pdfbox.pdmodel.interactive.annotation.handlers.PDHighlightAppearanceHandler,20,1,3,17
org.apache.pdfbox.pdmodel.interactive.annotation.handlers.PDInkAppearanceHandler,11,1,3,14
org.apache.pdfbox.pdmodel.interactive.annotation.handlers.PDLineAppearanceHandler,15,1,3,26
org.apache.pdfbox.pdmodel.interactive.annotation.handlers.PDLinkAppearanceHandler,15,1,3,19
org.apache.pdfbox.pdmodel.interactive.annotation.handlers.PDPolygonAppearanceHandler,17,1,3,22
org.apache.pdfbox.pdmodel.interactive.annotation.handlers.PDPolylineAppearanceHandler,17,1,4,24
org.apache.pdfbox.pdmodel.interactive.annotation.handlers.PDSoundAppearanceHandler,4,1,3,5
org.apache.pdfbox.pdmodel.interactive.annotation.handlers.PDSquareAppearanceHandler,17,1,3,10
org.apache.pdfbox.pdmodel.interactive.annotation.handlers.PDSquigglyAppearanceHandler,22,1,3,11
org.apache.pdfbox.pdmodel.interactive.annotation.handlers.PDStrikeoutAppearanceHandler,12,1,3,14
org.apache.pdfbox.pdmodel.interactive.annotation.handlers.PDTextAppearanceHandler,17,1,3,50
org.apache.pdfbox.pdmodel.interactive.annotation.handlers.PDUnderlineAppearanceHandler,12,1,3,14
org.apache.pdfbox.pdmodel.interactive.annotation.layout.AppearanceStyle,4,0,2,6
org.apache.pdfbox.pdmodel.interactive.annotation.layout.PlainText,6,0,1,6
org.apache.pdfbox.pdmodel.interactive.annotation.layout.PlainText.Line,6,0,1,8
org.apache.pdfbox.pdmodel.interactive.annotation.layout.PlainText.Paragraph,6,0,1,6
org.apache.pdfbox.pdmodel.interactive.annotation.layout.PlainText.TextAttribute,3,0,0,1
org.apache.pdfbox.pdmodel.interactive.annotation.layout.PlainText.Word,3,0,2,4
org.apache.pdfbox.pdmodel.interactive.annotation.layout.PlainTextFormatter,12,0,1,19
org.apache.pdfbox.pdmodel.interactive.annotation.layout.PlainTextFormatter.Builder,6,0,7,9
org.apache.pdfbox.pdmodel.interactive.annotation.layout.PlainTextFormatter.TextAlign,2,n/a,2,5
org.apache.pdfbox.pdmodel.interactive.digitalsignature.COSFilterInputStream,4,0,2,15
org.apache.pdfbox.pdmodel.interactive.digitalsignature.PDPropBuild,6,0,1,12
org.apache.pdfbox.pdmodel.interactive.digitalsignature.PDPropBuildDataDict,6,0,1,24
org.apache.pdfbox.pdmodel.interactive.digitalsignature.PDSeedValue,10,0,1,55
org.apache.pdfbox.pdmodel.interactive.digitalsignature.PDSeedValueCertificate,8,0,1,65
org.apache.pdfbox.pdmodel.interactive.digitalsignature.PDSeedValueMDP,4,0,1,6
org.apache.pdfbox.pdmodel.interactive.digitalsignature.PDSeedValueTimeStamp,4,0,1,8
org.apache.pdfbox.pdmodel.interactive.digitalsignature.PDSignature,26,0,1,40
org.apache.pdfbox.pdmodel.interactive.digitalsignature.SignatureOptions,11,0,3,14
org.apache.pdfbox.pdmodel.interactive.digitalsignature.SigningSupport,3,0,1,5
org.apache.pdfbox.pdmodel.interactive.digitalsignature.visible.PDFTemplateCreator,15,0,1,4
org.apache.pdfbox.pdmodel.interactive.digitalsignature.visible.PDFTemplateStructure,20,0,26,55
org.apache.pdfbox.pdmodel.interactive.digitalsignature.visible.PDVisibleSigBuilder,28,0,1,34
org.apache.pdfbox.pdmodel.interactive.digitalsignature.visible.PDVisibleSigProperties,6,0,7,17
org.apache.pdfbox.pdmodel.interactive.digitalsignature.visible.PDVisibleSignDesigner,9,0,5,49
org.apache.pdfbox.pdmodel.interactive.documentnavigation.destination.PDDestination,25,0,1,10
org.apache.pdfbox.pdmodel.interactive.documentnavigation.destination.PDNamedDestination,9,1,1,10
org.apache.pdfbox.pdmodel.interactive.documentnavigation.destination.PDPageDestination,26,1,1,23
org.apache.pdfbox.pdmodel.interactive.documentnavigation.destination.PDPageFitDestination,4,2,1,5
org.apache.pdfbox.pdmodel.interactive.documentnavigation.destination.PDPageFitHeightDestination,3,2,1,8
org.apache.pdfbox.pdmodel.interactive.documentnavigation.destination.PDPageFitRectangleDestination,3,2,1,14
org.apache.pdfbox.pdmodel.interactive.documentnavigation.destination.PDPageFitWidthDestination,5,2,1,8
org.apache.pdfbox.pdmodel.interactive.documentnavigation.destination.PDPageXYZDestination,7,2,1,12
org.apache.pdfbox.pdmodel.interactive.documentnavigation.outline.PDDocumentOutline,15,2,3,5
org.apache.pdfbox.pdmodel.interactive.documentnavigation.outline.PDOutlineItem,33,2,6,40
org.apache.pdfbox.pdmodel.interactive.documentnavigation.outline.PDOutlineItemIterator,4,0,2,8
org.apache.pdfbox.pdmodel.interactive.documentnavigation.outline.PDOutlineNode,18,1,1,36
org.apache.pdfbox.pdmodel.interactive.form.AppearanceGeneratorHelper,49,0,1,98
org.apache.pdfbox.pdmodel.interactive.form.AppearanceStyle,4,0,2,6
org.apache.pdfbox.pdmodel.interactive.form.FieldUtils,7,0,4,13
org.apache.pdfbox.pdmodel.interactive.form.FieldUtils.KeyValue,4,0,2,4
org.apache.pdfbox.pdmodel.interactive.form.FieldUtils.KeyValueKeyComparator,2,0,1,1
org.apache.pdfbox.pdmodel.interactive.form.FieldUtils.KeyValueValueComparator,2,0,1,1
org.apache.pdfbox.pdmodel.interactive.form.PDAcroForm,102,0,3,85
org.apache.pdfbox.pdmodel.interactive.form.PDButton,23,2,2,48
org.apache.pdfbox.pdmodel.interactive.form.PDCheckBox,16,3,1,10
org.apache.pdfbox.pdmodel.interactive.form.PDChoice,19,3,2,42
org.apache.pdfbox.pdmodel.interactive.form.PDComboBox,10,4,2,6
org.apache.pdfbox.pdmodel.interactive.form.PDDefaultAppearanceString,21,0,1,35
org.apache.pdfbox.pdmodel.interactive.form.PDField,67,0,5,45
org.apache.pdfbox.pdmodel.interactive.form.PDFieldFactory,17,0,1,18
org.apache.pdfbox.pdmodel.interactive.form.PDFieldTree,3,0,1,3
org.apache.pdfbox.pdmodel.interactive.form.PDFieldTree.FieldIterator,5,0,2,10
org.apache.pdfbox.pdmodel.interactive.form.PDListBox,11,4,2,6
org.apache.pdfbox.pdmodel.interactive.form.PDNonTerminalField,26,1,5,27
org.apache.pdfbox.pdmodel.interactive.form.PDPushButton,10,3,6,10
org.apache.pdfbox.pdmodel.interactive.form.PDRadioButton,15,3,3,11
org.apache.pdfbox.pdmodel.interactive.form.PDSignatureField,22,2,6,23
org.apache.pdfbox.pdmodel.interactive.form.PDTerminalField,43,1,6,24
org.apache.pdfbox.pdmodel.interactive.form.PDTextField,21,3,4,24
org.apache.pdfbox.pdmodel.interactive.form.PDVariableText,22,2,4,20
org.apache.pdfbox.pdmodel.interactive.form.PDXFAResource,7,0,1,11
org.apache.pdfbox.pdmodel.interactive.form.PlainText,7,0,1,7
org.apache.pdfbox.pdmodel.interactive.form.PlainText.Line,6,0,1,8
org.apache.pdfbox.pdmodel.interactive.form.PlainText.Paragraph,7,0,1,10
org.apache.pdfbox.pdmodel.interactive.form.PlainText.TextAttribute,3,0,0,1
org.apache.pdfbox.pdmodel.interactive.form.PlainText.Word,3,0,2,4
org.apache.pdfbox.pdmodel.interactive.form.PlainTextFormatter,11,0,1,19
org.apache.pdfbox.pdmodel.interactive.form.PlainTextFormatter.Builder,6,0,7,9
org.apache.pdfbox.pdmodel.interactive.form.PlainTextFormatter.TextAlign,2,n/a,2,5
org.apache.pdfbox.pdmodel.interactive.measurement.PDMeasureDictionary,5,0,2,6
org.apache.pdfbox.pdmodel.interactive.measurement.PDNumberFormatDictionary,4,0,2,26
org.apache.pdfbox.pdmodel.interactive.measurement.PDRectlinearMeasureDictionary,5,1,16,39
org.apache.pdfbox.pdmodel.interactive.measurement.PDViewportDictionary,8,0,2,12
org.apache.pdfbox.pdmodel.interactive.pagenavigation.PDThread,5,0,1,10
org.apache.pdfbox.pdmodel.interactive.pagenavigation.PDThreadBead,9,0,1,17
org.apache.pdfbox.pdmodel.interactive.pagenavigation.PDTransition,14,1,7,17
org.apache.pdfbox.pdmodel.interactive.pagenavigation.PDTransitionDimension,2,n/a,2,0
org.apache.pdfbox.pdmodel.interactive.pagenavigation.PDTransitionDirection,7,n/a,3,3
org.apache.pdfbox.pdmodel.interactive.pagenavigation.PDTransitionMotion,2,n/a,2,0
org.apache.pdfbox.pdmodel.interactive.pagenavigation.PDTransitionStyle,3,n/a,2,0
org.apache.pdfbox.pdmodel.interactive.viewerpreferences.PDViewerPreferences,12,0,1,36
org.apache.pdfbox.pdmodel.interactive.viewerpreferences.PDViewerPreferences.BOUNDARY,1,n/a,2,0
org.apache.pdfbox.pdmodel.interactive.viewerpreferences.PDViewerPreferences.DUPLEX,3,n/a,2,0
org.apache.pdfbox.pdmodel.interactive.viewerpreferences.PDViewerPreferences.NON_FULL_SCREEN_PAGE_MODE,1,n/a,2,0
org.apache.pdfbox.pdmodel.interactive.viewerpreferences.PDViewerPreferences.PRINT_SCALING,1,n/a,2,0
org.apache.pdfbox.pdmodel.interactive.viewerpreferences.PDViewerPreferences.READING_DIRECTION,1,n/a,2,0
org.apache.pdfbox.preflight.Format,5,n/a,3,2
org.apache.pdfbox.preflight.PreflightConfiguration,42,0,3,25
org.apache.pdfbox.preflight.PreflightContext,89,0,10,30
org.apache.pdfbox.preflight.PreflightDocument,26,1,3,19
org.apache.pdfbox.preflight.PreflightPath,16,0,1,14
org.apache.pdfbox.preflight.ValidationResult,20,0,2,15
org.apache.pdfbox.preflight.ValidationResult.ValidationError,81,0,6,46
org.apache.pdfbox.preflight.Validator_A1b,10,0,1,22
org.apache.pdfbox.preflight.action.AbstractActionManager,17,0,1,11
org.apache.pdfbox.preflight.action.ActionManagerFactory,27,0,1,25
org.apache.pdfbox.preflight.action.GoToAction,12,1,1,3
org.apache.pdfbox.preflight.action.GoToRemoteAction,16,2,1,10
org.apache.pdfbox.preflight.action.HideAction,11,1,1,5
org.apache.pdfbox.preflight.action.InvalidAction,6,1,1,2
org.apache.pdfbox.preflight.action.NamedAction,7,1,1,4
org.apache.pdfbox.preflight.action.SubmitAction,8,1,1,3
org.apache.pdfbox.preflight.action.ThreadAction,11,1,1,4
org.apache.pdfbox.preflight.action.UndefAction,6,1,1,2
org.apache.pdfbox.preflight.action.UriAction,11,1,1,4
org.apache.pdfbox.preflight.annotation.AnnotationValidator,31,0,1,34
org.apache.pdfbox.preflight.annotation.AnnotationValidatorFactory,11,0,3,5
org.apache.pdfbox.preflight.annotation.FreeTextAnnotationValidator,6,1,1,2
org.apache.pdfbox.preflight.annotation.InkAnnotationValidator,7,1,1,2
org.apache.pdfbox.preflight.annotation.LineAnnotationValidator,9,1,2,5
org.apache.pdfbox.preflight.annotation.LinkAnnotationValidator,13,1,1,5
org.apache.pdfbox.preflight.annotation.MarkupAnnotationValidator,7,1,1,2
org.apache.pdfbox.preflight.annotation.PopupAnnotationValidator,5,1,0,1
org.apache.pdfbox.preflight.annotation.PrintMarkAnnotationValidator,5,1,0,1
org.apache.pdfbox.preflight.annotation.RubberStampAnnotationValidator,5,1,0,1
org.apache.pdfbox.preflight.annotation.SquareCircleAnnotationValidator,8,1,1,4
org.apache.pdfbox.preflight.annotation.TextAnnotationValidator,8,1,1,3
org.apache.pdfbox.preflight.annotation.TrapNetAnnotationValidator,5,1,0,1
org.apache.pdfbox.preflight.annotation.WidgetAnnotationValidator,8,1,1,4
org.apache.pdfbox.preflight.annotation.pdfa.PDFAbAnnotationFactory,15,1,1,1
org.apache.pdfbox.preflight.content.ContentStreamException,5,1,1,5
org.apache.pdfbox.preflight.content.PreflightContentStream,27,2,2,33
org.apache.pdfbox.preflight.content.PreflightStreamEngine,73,1,1,60
org.apache.pdfbox.preflight.content.PreflightStreamEngine.ColorSpaceType,1,n/a,2,0
org.apache.pdfbox.preflight.content.StubOperator,13,1,2,42
org.apache.pdfbox.preflight.exception.MissingValidationProcessException,3,1,1,2
org.apache.pdfbox.preflight.exception.SyntaxValidationException,9,1,1,4
org.apache.pdfbox.preflight.exception.ValidationException,61,0,1,5
org.apache.pdfbox.preflight.font.CIDType0FontValidator,9,3,2,3
org.apache.pdfbox.preflight.font.CIDType2FontValidator,9,3,2,3
org.apache.pdfbox.preflight.font.DescendantFontValidator,17,2,1,11
org.apache.pdfbox.preflight.font.FontValidator,14,0,4,4
org.apache.pdfbox.preflight.font.SimpleFontValidator,15,1,1,11
org.apache.pdfbox.preflight.font.TrueTypeFontValidator,18,2,1,7
org.apache.pdfbox.preflight.font.Type0FontValidator,27,1,1,29
org.apache.pdfbox.preflight.font.Type1FontValidator,17,2,1,7
org.apache.pdfbox.preflight.font.Type3FontValidator,31,1,1,43
org.apache.pdfbox.preflight.font.container.CIDType0Container,4,1,1,2
org.apache.pdfbox.preflight.font.container.CIDType2Container,4,1,1,2
org.apache.pdfbox.preflight.font.container.FontContainer,26,0,3,18
org.apache.pdfbox.preflight.font.container.TrueTypeContainer,4,1,1,3
org.apache.pdfbox.preflight.font.container.Type0Container,4,1,1,9
org.apache.pdfbox.preflight.font.container.Type1Container,7,1,1,3
org.apache.pdfbox.preflight.font.container.Type3Container,3,1,1,2
org.apache.pdfbox.preflight.font.descriptor.CIDType0DescriptorHelper,17,1,1,10
org.apache.pdfbox.preflight.font.descriptor.CIDType2DescriptorHelper,17,1,1,9
org.apache.pdfbox.preflight.font.descriptor.FontDescriptorHelper,24,0,2,23
org.apache.pdfbox.preflight.font.descriptor.TrueTypeDescriptorHelper,18,1,1,8
org.apache.pdfbox.preflight.font.descriptor.Type1DescriptorHelper,14,1,1,10
org.apache.pdfbox.preflight.font.util.FontMetaDataValidation,14,0,1,15
org.apache.pdfbox.preflight.font.util.GlyphDetail,2,0,2,5
org.apache.pdfbox.preflight.font.util.GlyphException,4,0,2,5
org.apache.pdfbox.preflight.font.util.PreflightType3Stream,12,2,1,11
org.apache.pdfbox.preflight.graphic.ColorSpaceHelperFactory,13,0,1,4
org.apache.pdfbox.preflight.graphic.ColorSpaceHelperFactory.ColorSpaceRestriction,6,n/a,2,0
org.apache.pdfbox.preflight.graphic.ColorSpaces,3,n/a,3,3
org.apache.pdfbox.preflight.graphic.DeviceColorSpaceHelper,8,1,1,6
org.apache.pdfbox.preflight.graphic.ICCProfileWrapper,17,0,3,13
org.apache.pdfbox.preflight.graphic.NoPatternColorSpaceHelper,6,1,1,2
org.apache.pdfbox.preflight.graphic.StandardColorSpaceHelper,30,0,1,64
org.apache.pdfbox.preflight.metadata.PDFAIdentificationValidation,9,0,1,10
org.apache.pdfbox.preflight.metadata.RDFAboutAttributeConcordanceValidation,5,0,1,5
org.apache.pdfbox.preflight.metadata.RDFAboutAttributeConcordanceValidation.DifferentRDFAboutException,2,0,0,1
org.apache.pdfbox.preflight.metadata.SynchronizedMetaDataValidation,20,0,3,65
org.apache.pdfbox.preflight.metadata.UniquePropertiesValidation,13,0,1,7
org.apache.pdfbox.preflight.metadata.XpacketParsingException,2,0,1,4
org.apache.pdfbox.preflight.parser.PreflightParser,44,3,2,97
org.apache.pdfbox.preflight.parser.XmlResultParser,9,0,1,11
org.apache.pdfbox.preflight.process.AbstractProcess,25,0,1,13
org.apache.pdfbox.preflight.process.AcroFormValidationProcess,19,1,1,17
org.apache.pdfbox.preflight.process.BookmarkValidationProcess,21,1,1,34
org.apache.pdfbox.preflight.process.CatalogValidationProcess,26,1,1,30
org.apache.pdfbox.preflight.process.EmptyValidationProcess,5,0,1,1
org.apache.pdfbox.preflight.process.FileSpecificationValidationProcess,12,1,1,6
org.apache.pdfbox.preflight.process.MetadataValidationProcess,29,1,1,28
org.apache.pdfbox.preflight.process.PageTreeValidationProcess,14,1,1,6
org.apache.pdfbox.preflight.process.StreamValidationProcess,20,1,1,45
org.apache.pdfbox.preflight.process.TrailerValidationProcess,17,1,1,52
org.apache.pdfbox.preflight.process.XRefValidationProcess,8,1,1,3
org.apache.pdfbox.preflight.process.reflect.ActionsValidationProcess,11,1,1,4
org.apache.pdfbox.preflight.process.reflect.AnnotationValidationProcess,10,1,1,4
org.apache.pdfbox.preflight.process.reflect.DestinationValidationProcess,15,1,1,10
org.apache.pdfbox.preflight.process.reflect.ExtGStateValidationProcess,19,1,1,33
org.apache.pdfbox.preflight.process.reflect.FontValidationProcess,17,1,1,11
org.apache.pdfbox.preflight.process.reflect.GraphicObjectPageValidationProcess,15,1,1,6
org.apache.pdfbox.preflight.process.reflect.ResourcesValidationProcess,23,1,1,21
org.apache.pdfbox.preflight.process.reflect.ShadingPatternValidationProcess,15,1,1,6
org.apache.pdfbox.preflight.process.reflect.SinglePageValidationProcess,25,1,1,19
org.apache.pdfbox.preflight.process.reflect.TilingPatternValidationProcess,15,1,1,8
org.apache.pdfbox.preflight.utils.ByteArrayDataSource,1,0,3,7
org.apache.pdfbox.preflight.utils.COSUtils,39,0,1,42
org.apache.pdfbox.preflight.utils.ContextHelper,26,0,1,14
org.apache.pdfbox.preflight.utils.FilterHelper,7,0,1,8
org.apache.pdfbox.preflight.utils.RenderingIntents,3,0,1,2
org.apache.pdfbox.preflight.xobject.AbstractXObjValidator,14,0,1,11
org.apache.pdfbox.preflight.xobject.XObjFormValidator,18,1,1,16
org.apache.pdfbox.preflight.xobject.XObjImageValidator,19,1,1,17
org.apache.pdfbox.preflight.xobject.XObjPostscriptValidator,5,1,1,2
org.apache.pdfbox.printing.Orientation,3,n/a,2,0
org.apache.pdfbox.printing.PDFPageable,9,0,1,18
org.apache.pdfbox.printing.PDFPrintable,10,0,2,23
org.apache.pdfbox.printing.Scaling,3,n/a,2,0
org.apache.pdfbox.rendering.CIDType0Glyph2D,5,0,1,5
org.apache.pdfbox.rendering.GroupGraphics,1,0,1,87
org.apache.pdfbox.rendering.ImageType,4,n/a,3,5
org.apache.pdfbox.rendering.PDFRenderer,43,0,3,61
org.apache.pdfbox.rendering.PageDrawer,66,2,3,209
org.apache.pdfbox.rendering.PageDrawer.TransparencyGroup,16,0,5,19
org.apache.pdfbox.rendering.PageDrawerParameters,8,0,6,7
org.apache.pdfbox.rendering.RenderDestination,6,n/a,2,0
org.apache.pdfbox.rendering.SoftMask,5,0,2,5
org.apache.pdfbox.rendering.SoftMask.SoftPaintContext,2,0,1,10
org.apache.pdfbox.rendering.TTFGlyph2D,11,0,1,16
org.apache.pdfbox.rendering.TilingPaint,9,0,2,13
org.apache.pdfbox.rendering.TilingPaintFactory,8,0,1,4
org.apache.pdfbox.rendering.TilingPaintFactory.TilingPaintParameter,5,0,0,19
org.apache.pdfbox.rendering.Type1Glyph2D,6,0,1,14
org.apache.pdfbox.text.LegacyPDFStreamEngine,46,1,1,23
org.apache.pdfbox.text.PDFMarkedContentExtractor,12,2,1,24
org.apache.pdfbox.text.PDFTextStripper,37,2,1,190
org.apache.pdfbox.text.PDFTextStripper.LineItem,2,0,2,5
org.apache.pdfbox.text.PDFTextStripper.PositionWrapper,2,0,6,12
org.apache.pdfbox.text.PDFTextStripper.WordWithTextPositions,2,0,2,3
org.apache.pdfbox.text.PDFTextStripperByArea,5,3,2,14
org.apache.pdfbox.text.TextPosition,21,0,9,91
org.apache.pdfbox.text.TextPositionComparator,2,0,1,4
org.apache.pdfbox.tools.AngleCollector,3,3,1,3
org.apache.pdfbox.tools.DecompressObjectstreams,9,0,1,8
org.apache.pdfbox.tools.Decrypt,5,0,1,22
org.apache.pdfbox.tools.Encrypt,8,0,1,27
org.apache.pdfbox.tools.ExportFDF,5,0,1,12
org.apache.pdfbox.tools.ExportXFDF,5,0,1,12
org.apache.pdfbox.tools.ExtractImages,8,0,1,19
org.apache.pdfbox.tools.ExtractImages.ImageGraphicsEngine,27,2,11,50
org.apache.pdfbox.tools.ExtractText,28,0,2,47
org.apache.pdfbox.tools.FilteredTextStripper,3,3,1,3
org.apache.pdfbox.tools.ImageToPDF,7,0,1,32
org.apache.pdfbox.tools.ImportFDF,6,0,1,11
org.apache.pdfbox.tools.ImportXFDF,6,0,2,10
org.apache.pdfbox.tools.NullWriter,1,0,3,3
org.apache.pdfbox.tools.OverlayPDF,5,0,1,18
org.apache.pdfbox.tools.PDFBox,15,0,1,18
org.apache.pdfbox.tools.PDFMerger,4,0,1,6
org.apache.pdfbox.tools.PDFSplit,6,0,1,29
org.apache.pdfbox.tools.PDFText2HTML,7,3,6,26
org.apache.pdfbox.tools.PDFText2HTML.FontState,4,0,1,24
org.apache.pdfbox.tools.PDFToImage,10,0,1,43
org.apache.pdfbox.tools.PrintPDF,6,0,1,26
org.apache.pdfbox.tools.TextToPDF,13,0,1,56
org.apache.pdfbox.tools.Version,3,0,1,6
org.apache.pdfbox.tools.WriteDecodedDoc,10,0,1,17
org.apache.pdfbox.tools.imageio.ImageIOUtil,6,0,1,33
org.apache.pdfbox.tools.imageio.JPEGUtil,2,0,1,8
org.apache.pdfbox.tools.imageio.MetaUtil,3,0,1,3
org.apache.pdfbox.tools.imageio.TIFFUtil,2,0,2,11
org.apache.pdfbox.util.Charsets,25,0,0,1
org.apache.pdfbox.util.DateConverter,6,0,1,51
org.apache.pdfbox.util.Hex,16,0,2,19
org.apache.pdfbox.util.IterativeMergeSort,3,0,1,14
org.apache.pdfbox.util.Matrix,93,0,3,59
org.apache.pdfbox.util.NumberFormatUtil,4,0,1,14
org.apache.pdfbox.util.SmallMap,3,0,1,42
org.apache.pdfbox.util.SmallMap.SmallMapEntry,1,0,1,8
org.apache.pdfbox.util.Vector,13,0,1,5
org.apache.pdfbox.util.Version,3,0,1,2
org.apache.pdfbox.util.XMLUtil,6,0,2,6
org.apache.pdfbox.util.filetypedetector.ByteTrie,2,0,1,10
org.apache.pdfbox.util.filetypedetector.ByteTrie.ByteTrieNode,1,0,1,3
org.apache.pdfbox.util.filetypedetector.FileType,3,n/a,2,0
org.apache.pdfbox.util.filetypedetector.FileTypeDetector,5,0,1,5
org.apache.xmpbox.DateConverter,6,0,2,42
org.apache.xmpbox.XMPMetadata,100,0,18,43
org.apache.xmpbox.XmpConstants,8,0,0,1
org.apache.xmpbox.schema.AdobePDFSchema,18,4,6,20
org.apache.xmpbox.schema.DublinCoreSchema,24,4,19,72
org.apache.xmpbox.schema.ExifSchema,8,4,1,6
org.apache.xmpbox.schema.PDFAExtensionSchema,8,4,1,3
org.apache.xmpbox.schema.PDFAIdentificationSchema,19,4,6,30
org.apache.xmpbox.schema.PhotoshopSchema,18,4,20,102
org.apache.xmpbox.schema.TiffSchema,10,4,3,16
org.apache.xmpbox.schema.XMPBasicJobTicketSchema,13,4,1,11
org.apache.xmpbox.schema.XMPBasicSchema,28,4,12,61
org.apache.xmpbox.schema.XMPMediaManagementSchema,16,4,19,75
org.apache.xmpbox.schema.XMPRightsManagementSchema,12,4,5,28
org.apache.xmpbox.schema.XMPSchema,42,3,7,145
org.apache.xmpbox.schema.XMPSchemaFactory,9,0,2,7
org.apache.xmpbox.schema.XMPageTextSchema,4,4,0,2
org.apache.xmpbox.schema.XmpSchemaException,4,0,0,2
org.apache.xmpbox.type.AbstractComplexProperty,39,1,2,14
org.apache.xmpbox.type.AbstractField,30,0,5,9
org.apache.xmpbox.type.AbstractSimpleProperty,19,1,6,5
org.apache.xmpbox.type.AbstractStructuredType,53,2,4,19
org.apache.xmpbox.type.AgentNameType,9,3,0,1
org.apache.xmpbox.type.ArrayProperty,27,2,4,6
org.apache.xmpbox.type.Attribute,10,0,3,8
org.apache.xmpbox.type.BadFieldValueException,14,0,0,2
org.apache.xmpbox.type.BooleanType,10,2,1,9
org.apache.xmpbox.type.CFAPatternType,4,3,0,1
org.apache.xmpbox.type.Cardinality,40,n/a,3,2
org.apache.xmpbox.type.ChoiceType,8,3,0,1
org.apache.xmpbox.type.ComplexPropertyContainer,12,0,1,24
org.apache.xmpbox.type.DateType,14,2,1,12
org.apache.xmpbox.type.DefinedStructuredType,5,3,1,4
org.apache.xmpbox.type.DeviceSettingsType,4,3,0,1
org.apache.xmpbox.type.DimensionsType,3,3,0,1
org.apache.xmpbox.type.FlashType,3,3,0,1
org.apache.xmpbox.type.GPSCoordinateType,2,3,0,1
org.apache.xmpbox.type.GUIDType,5,3,0,1
org.apache.xmpbox.type.IntegerType,15,2,1,6
org.apache.xmpbox.type.JobType,8,3,3,8
org.apache.xmpbox.type.LayerType,11,3,2,7
org.apache.xmpbox.type.LocaleType,5,3,0,1
org.apache.xmpbox.type.MIMEType,6,3,0,1
org.apache.xmpbox.type.OECFType,5,3,0,1
org.apache.xmpbox.type.PDFAFieldType,7,3,3,7
org.apache.xmpbox.type.PDFAPropertyType,8,3,4,9
org.apache.xmpbox.type.PDFASchemaType,9,3,4,7
org.apache.xmpbox.type.PDFATypeType,9,3,5,10
org.apache.xmpbox.type.PartType,6,3,0,1
org.apache.xmpbox.type.ProperNameType,7,3,0,1
org.apache.xmpbox.type.PropertiesDescription,6,0,1,4
org.apache.xmpbox.type.RationalType,3,3,0,1
org.apache.xmpbox.type.RealType,5,2,1,6
org.apache.xmpbox.type.RenditionClassType,7,3,0,1
org.apache.xmpbox.type.ResourceEventType,7,3,6,13
org.apache.xmpbox.type.ResourceRefType,17,3,16,51
org.apache.xmpbox.type.TextType,43,2,1,5
org.apache.xmpbox.type.ThumbnailType,16,3,4,13
org.apache.xmpbox.type.TypeMapping,54,0,1,50
org.apache.xmpbox.type.Types,68,n/a,6,7
org.apache.xmpbox.type.URIType,11,3,0,1
org.apache.xmpbox.type.URLType,9,3,0,1
org.apache.xmpbox.type.VersionType,7,3,6,11
org.apache.xmpbox.type.XPathType,5,3,0,1
org.apache.xmpbox.xml.DomHelper,4,0,6,14
org.apache.xmpbox.xml.DomXmpParser,35,0,2,110
org.apache.xmpbox.xml.DomXmpParser.NamespaceFinder,1,0,1,7
org.apache.xmpbox.xml.PdfaExtensionHelper,22,0,2,44
org.apache.xmpbox.xml.XmpParsingException,9,0,1,3
org.apache.xmpbox.xml.XmpParsingException.ErrorType,7,n/a,2,0
org.apache.xmpbox.xml.XmpSerializationException,1,0,0,2
org.apache.xmpbox.xml.XmpSerializer,15,0,1,27

